sp6,family,genus,species
APHECA,Acanthaceae,Aphelandra,campanensis
APHEGR,Acanthaceae,Aphelandra,gracilis
APHEDE,Acanthaceae,Aphelandra,scabra
APHESI,Acanthaceae,Aphelandra,sinclairiana
NA,Acanthaceae,Blechum,costaricense
BRAVIN,Acanthaceae,Bravaisia,integerrima
HERPPA,Acanthaceae,Herpetacanthus,panamensis
JUSTGR,Acanthaceae,Justicia,graciliflora
JUSTIS,Acanthaceae,Justicia,isthmensis
MENDGR,Acanthaceae,Mendoncia,gracilis
MENDLI,Acanthaceae,Mendoncia,litoralis
TRI1GI,Acanthaceae,Trichanthera,gigantea
SAURMO,Actinidiaceae,Saurauia,montana
SAURRU,Actinidiaceae,Saurauia,rubiformis
SAURLA,Actinidiaceae,Saurauia,yasicae
ANA1,Anacardiaceae,(anacardiaceae),sp.1
ANACEX,Anacardiaceae,Anacardium,excelsum
ANACOC,Anacardiaceae,Anacardium,occidentale
AST2GR,Anacardiaceae,Astronium,graveolens
CAMPPA,Anacardiaceae,Campnosperma,panamense
MANGIN,Anacardiaceae,Mangifera,indica
MOSQJA,Anacardiaceae,Mosquitoxylum,jamaicense
OCHOCO,Anacardiaceae,Ochoterenaea,colombiana
SPONCY,Anacardiaceae,Spondias,dulcis
SPONMO,Anacardiaceae,Spondias,mombin
SPONPU,Anacardiaceae,Spondias,purpurea
SPONRA,Anacardiaceae,Spondias,radlkoferi
TAPIGU,Anacardiaceae,Tapirira,guianensis
ANN1,Annonaceae,(annonaceae),sp.1
ANN2,Annonaceae,(annonaceae),sp.2
ANAXAL,Annonaceae,Anaxagorea,allenii
ANAXCR,Annonaceae,Anaxagorea,crassipetala
ANAXPA,Annonaceae,Anaxagorea,panamensis
ANNOAC,Annonaceae,Annona,acuminata
ANNOCH,Annonaceae,Annona,cherimola
ANNOGL,Annonaceae,Annona,glabra
ANNOHA,Annonaceae,Annona,hayesii
ANNOMO,Annonaceae,Annona,montana
ANNOMU,Annonaceae,Annona,muricata
ANNOPI,Annonaceae,Annona,pittieri
ANNOPU,Annonaceae,Annona,purpurea
ANNORE,Annonaceae,Annona,reticulata
ANNOSP,Annonaceae,Annona,spraguei
ANNOSQ,Annonaceae,Annona,squamosa
CANAOD,Annonaceae,Cananga,odorata
CREMPA,Annonaceae,Cremastosperma,panamense
CREM2,Annonaceae,Cremastosperma,sp.2
CREM4,Annonaceae,Cremastosperma,sp.4
CYM1CO,Annonaceae,Cymbopetalum,costaricense
CYM1LA,Annonaceae,Cymbopetalum,lanugipetalum
CYM1TO,Annonaceae,Cymbopetalum,torulosum
DES2BI,Annonaceae,Desmopsis,bibracteata
DES2MA,Annonaceae,Desmopsis,maxonii
DES2PA,Annonaceae,Desmopsis,panamensis
DUGUCO,Annonaceae,Duguetia,confusa
GUATAB,Annonaceae,Guatteria,aberrans
GUATA1,Annonaceae,Guatteria,alata
GUATAL,Annonaceae,Guatteria,allenii
GUATAM,Annonaceae,Guatteria,amplifolia
GUATIN,Annonaceae,Guatteria,diospyroides
GUATDO,Annonaceae,Guatteria,dolichopoda
GUATDU,Annonaceae,Guatteria,dumetorum
GUAT3,Annonaceae,Guatteria,flor_roja
GUATJE,Annonaceae,Guatteria,jefensis
GUATRE,Annonaceae,Guatteria,recurvisepala
GUATSE,Annonaceae,Guatteria,sessilicarpa
GUAT5,Annonaceae,Guatteria,sp.5
GUAT7,Annonaceae,Guatteria,sp.7
CREMAN,Annonaceae,Klarobelia,anomala
MALMDI,Annonaceae,Malmea,dimera
MALMSP,Annonaceae,Mosannona,garwoodii
OXANLO,Annonaceae,Oxandra,longipetala
OXANPA,Annonaceae,Oxandra,panamensis
OXANVE,Annonaceae,Oxandra,venezuelana
ROLLMU,Annonaceae,Rollinia,mucosa
ROLLPI,Annonaceae,Rollinia,pittieri
UNONBU,Annonaceae,Unonopsis,bullata
UNONPA,Annonaceae,Unonopsis,panamensis
UNON3,Annonaceae,Unonopsis,peludo
UNONPI,Annonaceae,Unonopsis,pittieri
UNON1,Annonaceae,Unonopsis,sp.1
UNON2,Annonaceae,Unonopsis,sp.2
UNONTH,Annonaceae,Unonopsis,theobromifolia
UNONVE,Annonaceae,Unonopsis,veneficiorum
XYL1AR,Annonaceae,Xylopia,aromatica
XYL1BO,Annonaceae,Xylopia,bocatorena
XYL1FR,Annonaceae,Xylopia,frutescens
XYL1MA,Annonaceae,Xylopia,macrantha
XYL14,Annonaceae,Xylopia,roubik
XYL1SE,Annonaceae,Xylopia,sericea
ALLACA,Apocynaceae,Allamanda,cathartica
ASPIME,Apocynaceae,Aspidosperma,megalocarpon
ASPICR,Apocynaceae,Aspidosperma,spruceanum
COUMMA,Apocynaceae,Couma,macrocarpa
FORSMY,Apocynaceae,Forsteronia,myriantha
FORSPE,Apocynaceae,Forsteronia,peninsularis
FORSSP,Apocynaceae,Forsteronia,spicata
FORSVI,Apocynaceae,Forsteronia,viridescens
LACMPA,Apocynaceae,Lacmellea,panamensis
LACMSP,Apocynaceae,Lacmellea,speciosa
LAXOTE,Apocynaceae,Laxoplumeria,tessmannii
MACOSP,Apocynaceae,Macoubea,mesoamericana
MALOGU,Apocynaceae,Malouetia,guatemalensis
MALOIS,Apocynaceae,Malouetia,isthmica
MANDSU,Apocynaceae,Mandevilla,subsagittata
MANDVI,Apocynaceae,Mandevilla,villosa
MESETR,Apocynaceae,Mesechites,trifida
ODO1MA,Apocynaceae,Odontadenia,macrantha
ODO1PU,Apocynaceae,Odontadenia,puncticulosa
PELTIS,Apocynaceae,Peltastes,isthmicus
PLUMAC,Apocynaceae,Plumeria,rubra
PRESIP,Apocynaceae,Prestonia,ipomaeifolia
PRESOB,Apocynaceae,Prestonia,obovata
PRESPO,Apocynaceae,Prestonia,portobellensis
PRESAC,Apocynaceae,Prestonia,quinquangularis
PRES1,Apocynaceae,Prestonia,sp.1
PRES2,Apocynaceae,Prestonia,sp.2
RAUVAP,Apocynaceae,Rauvolfia,aphlebia
RAUVLI,Apocynaceae,Rauvolfia,littoralis
RAUVPU,Apocynaceae,Rauvolfia,purpurascens
RHABBI,Apocynaceae,Rhabdadenia,biflora
STEMAL,Apocynaceae,Stemmadenia,alfari
STEMGR,Apocynaceae,Stemmadenia,grandiflora
STEMOB,Apocynaceae,Stemmadenia,obovata
STEM1,Apocynaceae,Stemmadenia,sp.1
STEM3,Apocynaceae,Stemmadenia,sp.3
TAB2AR,Apocynaceae,Tabernaemontana,arborea
TAB2DI,Apocynaceae,Tabernaemontana,divaricata
TAB2PE,Apocynaceae,Tabernaemontana,longipes
TAB2PA,Apocynaceae,Tabernaemontana,panamensis
TAB2UN,Apocynaceae,Tabernaemontana,undulata
THEVAH,Apocynaceae,Thevetia,ahouai
ILEXGU,Aquifoliaceae,Ilex,guianensis
NA,Aracea,Anthurium,NA
NA,Araceae,Anthurium,acutangulum
NA,Araceae,Anthurium,brownii
ANTHCL,Araceae,Anthurium,clavigerum
NA,Araceae,Anthurium,durandii
NA,Araceae,Anthurium,flexile
NA,Araceae,Anthurium,friedrichsthalii
NA,Araceae,Anthurium,gracile
NA,Araceae,Anthurium,kunthii
NA,Araceae,Anthurium,ochranthum
NA,Araceae,Anthurium,salvinii
NA,Araceae,Anthurium,scandens
NA,Araceae,Monstera,dilacerata
MONSDU,Araceae,Monstera,dubia
PHILFR,Araceae,Philodendron,fragrantissimum
NA,Araceae,Philodendron,guttiferum
NA,Araceae,Philodendron,hederaceum
NA,Araceae,Philodendron,inaequilaterum
NA,Araceae,Philodendron,panamense
NA,Araceae,Philodendron,pterotum
NA,Araceae,Philodendron,sagittifolium
NA,Araceae,Philodendron,tripartitum
NA,Araceae,Spathiphyllum,phryniifolium
NA,Araceae,Syngonium,hoffmannii
NA,Araceae,Syngonium,podophyllum
NA,Araceae,Xanthosoma,mexicanum
DENDAR,Araliaceae,Dendropanax,arboreus
DENDGL,Araliaceae,Dendropanax,globosus
DENDPU,Araliaceae,Dendropanax,punctatus
DENDSE,Araliaceae,Dendropanax,sessiliflorus
OREOCA,Araliaceae,Oreopanax,capitatus
OREO2,Araliaceae,Oreopanax,sp.2
SCH2MO,Araliaceae,Schefflera,morototoni
SCIAEX,Araliaceae,Sciadodendron,excelsum
ACROPA,Arecaceae,Acrocomia,aculeata
AIPHHI,Arecaceae,Aiphanes,hirsuta
AST1AL,Arecaceae,Astrocaryum,alatum
AST1ST,Arecaceae,Astrocaryum,standleyanum
SCH1ZO,Arecaceae,Attalea,butyracea
BACTBA,Arecaceae,Bactris,barronis
BACTC1,Arecaceae,Bactris,coloniata
BACTC2,Arecaceae,Bactris,coloradonis
BACTGA,Arecaceae,Bactris,gasipaes
BACTMA,Arecaceae,Bactris,major
BACTM1,Arecaceae,Bactris,maraja
BACTPA,Arecaceae,Bactris,panamensis
CAL3CO,Arecaceae,Calyptrogyne,costatifrons
CHA1PI,Arecaceae,Chamaedorea,pinnatifrons
CHA1TE,Arecaceae,Chamaedorea,tepejilote
COCONU,Arecaceae,Cocos,nucifera
COLPAP,Arecaceae,Colpothrinax,aphanopetala
CORYUM,Arecaceae,Corypha,umbraculifera
CRYOWA,Arecaceae,Cryosophila,warscewiczii
DES1OR,Arecaceae,Desmoncus,orthacanthos
ELAEOL,Arecaceae,Elaeis,oleifera
EUTEPR,Arecaceae,Euterpe,precatoria
GEONCO,Arecaceae,Geonoma,congesta
GEONCU,Arecaceae,Geonoma,cuneata
GEONDE,Arecaceae,Geonoma,deversa
GEONIN,Arecaceae,Geonoma,interrupta
IRIADE,Arecaceae,Iriartea,deltoidea
OENOMA,Arecaceae,Oenocarpus,mapora
PHYTSE,Arecaceae,Phytelephas,seemannii
PRESDE,Arecaceae,Prestoea,decurrens
RAPHTA,Arecaceae,Raphia,taedigera
ROYSRE,Arecaceae,Roystonea,regia
SOCREX,Arecaceae,Socratea,exorrhiza
SYNEWA,Arecaceae,Synechanthus,warscewiczianus
WELFRE,Arecaceae,Welfia,regia
WETTHI,Arecaceae,Wettinia,quinaria
ARISCO,Aristolochiaceae,Aristolochia,cordiflora
ARISGI,Aristolochiaceae,Aristolochia,gigantea
NA,Aristolochiaceae,Aristolochia,inflata
ARISMA,Aristolochiaceae,Aristolochia,maxima
ARISPI,Aristolochiaceae,Aristolochia,pilosa
ARISTO,Aristolochiaceae,Aristolochia,tonduzii
NA,Asclepiadaceae,Asclepias,curassavica
BLEPMU,Asclepiadaceae,Blepharodon,mucronatum
FISCBL,Asclepiadaceae,Fischeria,blepharopetala
FISCFU,Asclepiadaceae,Fischeria,funebris
NA,Asclepiadaceae,Gonolobus,albomarginatus
MARSCR,Asclepiadaceae,Marsdenia,crassipes
CYNACU,Asclepiadaceae,Metalepis,peraffinis
CYNARE,Asclepiadaceae,Tassadia,obovata
BACCTR,Asteraceae,Baccharis,trinervis
CHR4OD,Asteraceae,Chromolaena,odorata
CLIBSU,Asteraceae,Clibadium,surinamense
HET1VI,Asteraceae,Heterocondylus,vitalbae
KOANWE,Asteraceae,Koanophyllon,wetmorei
LEPICA,Asteraceae,Lepidaploa,canescens
LYCOLA,Asteraceae,Lycoseris,latifolia
NA,Asteraceae,Melampodium,divaricatum
MIKAGU,Asteraceae,Mikania,guaco
MIKAHO,Asteraceae,Mikania,hookeriana
MIKALE,Asteraceae,Mikania,leiostachya
MIKAMI,Asteraceae,Mikania,micrantha
MIKATO,Asteraceae,Mikania,tonduzii
NEURLO,Asteraceae,Neurolaena,lobata
POLLDI,Asteraceae,Pollalesta,discolor
WULFBA,Asteraceae,Tilesia,baccata
VERBGI,Asteraceae,Verbesina,gigantea
VERBLA,Asteraceae,Verbesina,lanata
VERNPA,Asteraceae,Vernonanthura,patens
ALNUAC,Betulaceae,Alnus,acuminata
BIG2,Bignoniaceae,(bignoniaceae),clitoria
BIG1,Bignoniaceae,(bignoniaceae),sp.1
ADE3AR,Bignoniaceae,Adenocalymma,arthropetiolatum
ADE3IN,Bignoniaceae,Adenocalymma,inundatum
AMPHPA,Bignoniaceae,Amphilophium,paniculatum
AMP1IS,Bignoniaceae,Amphitecna,isthmica
AMP1LA,Bignoniaceae,Amphitecna,latifolia
AMP1SP,Bignoniaceae,Amphitecna,spathicalyx
ANEMCH,Bignoniaceae,Anemopaegma,chrysoleucum
ANEMOR,Bignoniaceae,Anemopaegma,orbiculatum
ANEMSA,Bignoniaceae,Anemopaegma,santaritense
NA,Bignoniaceae,Arrabidaea,3
ARRACA,Bignoniaceae,Arrabidaea,candicans
ARRACH,Bignoniaceae,Arrabidaea,chica
ARRACO,Bignoniaceae,Arrabidaea,corallina
ARRAFL,Bignoniaceae,Arrabidaea,florida
ARRAPA,Bignoniaceae,Arrabidaea,patellifera
ARRAVE,Bignoniaceae,Arrabidaea,verrucosa
BIGNSP,Bignoniaceae,Bignoniaceae,sp.
CALLLA,Bignoniaceae,Callichlamys,latifolia
CERATE,Bignoniaceae,Ceratophytum,tetragonolobum
CLYTBI,Bignoniaceae,Clytostoma,binatum
CRESAL,Bignoniaceae,Crescentia,alata
CRESCU,Bignoniaceae,Crescentia,cujete
CYDIAE,Bignoniaceae,Cydista,aequinoctialis
CYDIHE,Bignoniaceae,Cydista,heterophylla
GODMAE,Bignoniaceae,Godmania,aesculifolia
JAC1CA,Bignoniaceae,Jacaranda,caucana
JAC1CO,Bignoniaceae,Jacaranda,copaia
KIGEAF,Bignoniaceae,Kigelia,africana
MACFUN,Bignoniaceae,Macfadyena,unguis-cati
MANSKE,Bignoniaceae,Mansoa,kerere
MANSVE,Bignoniaceae,Mansoa,verrucifera
MARTOB,Bignoniaceae,Martinella,obovata
PAR1PY,Bignoniaceae,Paragonia,pyramidata
PARMCE,Bignoniaceae,Parmentiera,cereifera
PARMMA,Bignoniaceae,Parmentiera,macrophylla
PHRYCO,Bignoniaceae,Phryganocydia,corymbosa
PIT2CR,Bignoniaceae,Pithecoctenium,crucigerum
PLEOVA,Bignoniaceae,Pleonotoma,variabilis
SPATCA,Bignoniaceae,Spathodea,campanulata
STIZIN,Bignoniaceae,Stizophyllum,inaequilaterum
STIZRI,Bignoniaceae,Stizophyllum,riparium
TAB1GU,Bignoniaceae,Tabebuia,guayacan
TAB1OC,Bignoniaceae,Tabebuia,ochracea
TAB1RO,Bignoniaceae,Tabebuia,rosea
TAB1ST,Bignoniaceae,Tabebuia,striata
TECOST,Bignoniaceae,Tecoma,stans
TYNNCR,Bignoniaceae,Tynnanthus,croatianus
XYL3SE,Bignoniaceae,Xylophragma,seemannianum
BIXAOR,Bixaceae,Bixa,orellana
CAVAPL,Bombacaceae,Cavanillesia,platanifolia
CEIBPE,Bombacaceae,Ceiba,pentandra
GYRADA,Bombacaceae,Gyranthera,darienensis
MATIID,Bombacaceae,Matisia,aff.idroboi
MATIBR,Bombacaceae,Matisia,bracteolosa
MATICO,Bombacaceae,Matisia,cordata
MATIEX,Bombacaceae,Matisia,exalata
MATIJE,Bombacaceae,Matisia,jefensis
QUAROB,Bombacaceae,Matisia,obliquifolia
MATIOC,Bombacaceae,Matisia,ochrocalyx
MATISA,Bombacaceae,Matisia,sanblasensis
OCHRPY,Bombacaceae,Ochroma,pyramidale
POCHAQ,Bombacaceae,Pachira,aquatica
POCHQU,Bombacaceae,Pachira,quinata
POCHSE,Bombacaceae,Pachira,sessilis
PHRAMA,Bombacaceae,Phragmotheca,mammosa
PSE1SE,Bombacaceae,Pseudobombax,septenatum
QUARAS,Bombacaceae,Quararibea,asterolepis
QUARA1,Bombacaceae,Quararibea,asterolepis_ss:stenophylla
QUARPL,Bombacaceae,Quararibea,platyphylla
QUARPT,Bombacaceae,Quararibea,pterocalyx
QUARPU,Bombacaceae,Quararibea,pumila
QUAR3,Bombacaceae,Quararibea,sp.3
QUAR4,Bombacaceae,Quararibea,sp.4
BOURCO,Boraginaceae,Bourreria,costaricensis
CORDAL,Boraginaceae,Cordia,alliodora
CORDBI,Boraginaceae,Cordia,bicolor
CORDCO,Boraginaceae,Cordia,collococca
CORDC1,Boraginaceae,Cordia,correae
CORDCU,Boraginaceae,Cordia,curassavica
CORDCY,Boraginaceae,Cordia,cymosa
CORDDE,Boraginaceae,Cordia,dentata
CORDDW,Boraginaceae,Cordia,dwyeri
CORDER,Boraginaceae,Cordia,eriostigma
CORDLA,Boraginaceae,Cordia,lasiocalyx
CORDLU,Boraginaceae,Cordia,lucidula
CORDME,Boraginaceae,Cordia,megalantha
CORDPA,Boraginaceae,Cordia,panamensis
CORDPO,Boraginaceae,Cordia,porcata
CORD6,Boraginaceae,Cordia,sp.6
CORD7,Boraginaceae,Cordia,sp.7
CORDSP,Boraginaceae,Cordia,spinescens
NA,Boraginaceae,Tournefortia,angustiflora
TOURBI,Boraginaceae,Tournefortia,bicolor
TOURCU,Boraginaceae,Tournefortia,cuspidata
TOURHI,Boraginaceae,Tournefortia,hirsutissima
NA,Bromeliaceae,Aechmea,pubescens
NA,Bromeliaceae,Aechmea,setigera
NA,Bromeliaceae,Aechmea,tillandsioides
NA,Bromeliaceae,Billbergia,macrolepis
NA,Bromeliaceae,Guzmania,lingulata
NA,Bromeliaceae,Guzmania,monostachia
NA,Bromeliaceae,Tillandsia,anceps
NA,Bromeliaceae,Tillandsia,bulbosa
NA,Bromeliaceae,Tillandsia,fasciculata
NA,Bromeliaceae,Tillandsia,monadelpha
NA,Bromeliaceae,Werauhia,sanguinolenta
BURSSI,Burseraceae,Bursera,simaruba
BURSTO,Burseraceae,Bursera,tomentosa
PROTGU,Burseraceae,Protium,aff.guianense
PROTSP,Burseraceae,Protium,confusum
PROTCO,Burseraceae,Protium,costaricense
PROTGL,Burseraceae,Protium,glabrum
PROTPA,Burseraceae,Protium,panamense
PROTTE,Burseraceae,Protium,tenuifolium
PROTT2,Burseraceae,Protium,tenuifolium_subsp.mcleodii
PROTTR,Burseraceae,Protium,trifoliolatum
TET2PA,Burseraceae,Tetragastris,panamensis
TRATAS,Burseraceae,Trattinnickia,aspera
TRATBU,Burseraceae,Trattinnickia,burserifolia
ACANTE,Cactaceae,Acanthocereus,tetragonus
NA,Cactaceae,Epiphyllum,phyllanthus
OPUNEL,Cactaceae,Opuntia,elatior
PER1BL,Cactaceae,Pereskia,bleo
NA,Cactaceae,Selenicereus,pteranthus
CENTTO,Campanulaceae,Centropogon,tortilis
NA,Campanulaceae,Hippobroma,longiflora
CAPPOS,Capparaceae,Capparis,aff.osmantha
CAPPAN,Capparaceae,Capparis,antonensis
CAPPCY,Capparaceae,Capparis,cynophallophora
CAPPDI,Capparaceae,Capparis,discolor
CAPPFL,Capparaceae,Capparis,flexuosa
CAPPFR,Capparaceae,Capparis,frondosa
CAPPIN,Capparaceae,Capparis,indica
CAPPPA,Capparaceae,Capparis,panamensis
CAPPPI,Capparaceae,Capparis,pittieri
CAPPVE,Capparaceae,Capparis,verrucosa
CRATTA,Capparaceae,Crateva,tapia
MOR1AM,Capparaceae,Morisonia,americana
VIBUCO,Caprifoliaceae,Viburnum,costaricanum
CARIPA,Caricaceae,Carica,papaya
JAC2CO,Caricaceae,Jacaratia,costaricensis
JAC2DO,Caricaceae,Jacaratia,dolichaula
JAC2SP,Caricaceae,Jacaratia,spinosa
CARICA,Caricaceae,Vasconcellea,cauliflora
ANTHCH,Caryocaraceae,Anthodiscus,chocoensis
CECRGA,Cecropiaceae,Cecropia,garciae
CECRHE,Cecropiaceae,Cecropia,heterochroma
CECRHI,Cecropiaceae,Cecropia,hispidissima
CECRIN,Cecropiaceae,Cecropia,insignis
CECRLO,Cecropiaceae,Cecropia,longipes
CECROB,Cecropiaceae,Cecropia,obtusifolia
CECRPE,Cecropiaceae,Cecropia,peltata
NA,Cecropiaceae,Coussapoa,asperifolia
COUSVI,Cecropiaceae,Coussapoa,villosa
POURBI,Cecropiaceae,Pourouma,bicolor
POURMI,Cecropiaceae,Pourouma,minor
CEL1,Celastraceae,(celastraceae),sp.1
CROS1,Celastraceae,Crossopetalum,coba
CROSPA,Celastraceae,Crossopetalum,parviflorum
MAYTSC,Celastraceae,Maytenus,schippii
MAYT1,Celastraceae,Maytenus,sp.1
PERIPR,Celastraceae,Peritassa,pruinosa
QUETOC,Celastraceae,Quetzalia,occidentalis
HEDYBO,Chloranthaceae,Hedyosmum,bonplandianum
HEDYCO,Chloranthaceae,Hedyosmum,costaricense
HEDYME,Chloranthaceae,Hedyosmum,mexicanum
HEDYSC,Chloranthaceae,Hedyosmum,scaberrimum
CHR3IC,Chrysobalanaceae,Chrysobalanus,icaco
COUE2,Chrysobalanaceae,Couepia,chocolate
COUE1,Chrysobalanaceae,Couepia,sp.1
HIRTAM,Chrysobalanaceae,Hirtella,americana
HIRTGU,Chrysobalanaceae,Hirtella,guatemalensis
HIRTLA,Chrysobalanaceae,Hirtella,latifolia
HIRTRA,Chrysobalanaceae,Hirtella,racemosa
HIRT5,Chrysobalanaceae,Hirtella,sp.5
HIRTTR,Chrysobalanaceae,Hirtella,triandra
HIRTTU,Chrysobalanaceae,Hirtella,tubiflora
LICAAF,Chrysobalanaceae,Licania,affinis
LICAAR,Chrysobalanaceae,Licania,arborea
LICA4,Chrysobalanaceae,Licania,coba
LICACR,Chrysobalanaceae,Licania,cruegeriana
LICAFA,Chrysobalanaceae,Licania,fasciculata
LICAHY,Chrysobalanaceae,Licania,hypoleuca
LICAKA,Chrysobalanaceae,Licania,kallunkii
LICALO,Chrysobalanaceae,Licania,longistyla
LICAMA,Chrysobalanaceae,Licania,macrocarpa
LICAMO,Chrysobalanaceae,Licania,morii
LICAPL,Chrysobalanaceae,Licania,platypus
LICA1,Chrysobalanaceae,Licania,sp.1
LICA3,Chrysobalanaceae,Licania,sp.3
MARAPA,Chrysobalanaceae,Maranthes,panamensis
PARICH,Chrysobalanaceae,Parinari,chocoensis
CLETLA,Clethraceae,Clethra,lanata
CLETPY,Clethraceae,Clethra,pyrogena
CALOBR,Clusiaceae,Calophyllum,brasiliense
CALOIN,Clusiaceae,Calophyllum,inophyllum
CALOLO,Clusiaceae,Calophyllum,longifolium
CALONU,Clusiaceae,Calophyllum,nubicola
CHR1EC,Clusiaceae,Chrysochlamys,eclipes
CHR1GL,Clusiaceae,Chrysochlamys,glauca
CHR1GR,Clusiaceae,Chrysochlamys,grandifolia
CHR1NI,Clusiaceae,Chrysochlamys,nicaraguensis
CLUSCR,Clusiaceae,Clusia,cretosa
CLUSDI,Clusiaceae,Clusia,divaricata
HAVEFL,Clusiaceae,Clusia,flavida
NA,Clusiaceae,Clusia,minor
NA,Clusiaceae,Clusia,odorata
NA,Clusiaceae,Clusia,peninsularis
CLUSPR,Clusiaceae,Clusia,pratensis
CLUSQU,Clusiaceae,Clusia,quadrangula
CLUSRO,Clusiaceae,Clusia,rosea
CLUSST,Clusiaceae,Clusia,stenophylla
NA,Clusiaceae,Clusia,uvitana
CLUSVA,Clusiaceae,Clusia,valerioi
DYSTPA,Clusiaceae,Dystovomita,paniculata
GAR2IN,Clusiaceae,Garcinia,intermedia
GAR2MA,Clusiaceae,Garcinia,madruno
GAR2M1,Clusiaceae,Garcinia,magnifolia
GAR21,Clusiaceae,Garcinia,sp.1
MAMMIM,Clusiaceae,Mammea,immansueta
MAR1DO,Clusiaceae,Marila,domingensis
MAR1L1,Clusiaceae,Marila,lactogena
MAR1LA,Clusiaceae,Marila,laxiflora
MAR1PL,Clusiaceae,Marila,pluricostata
11-Mar,Clusiaceae,Marila,sp.1
13-Mar,Clusiaceae,Marila,sp.3
SYMPGL,Clusiaceae,Symphonia,globulifera
TOVOLO,Clusiaceae,Tovomita,longifolia
TOVO1,Clusiaceae,Tovomita,sp.1
TOVOST,Clusiaceae,Tovomita,stylosa
TOVOWE,Clusiaceae,Tovomita,weddelliana
VISMBA,Clusiaceae,Vismia,baccifera
VISMBI,Clusiaceae,Vismia,billbergiana
VISMJE,Clusiaceae,Vismia,jefensis
VISMMA,Clusiaceae,Vismia,macrophylla
COCHVI,Cochlospermaceae,Cochlospermum,vitifolium
BUCHCA,Combretaceae,Buchenavia,tetraphylla
BUCIBU,Combretaceae,Bucida,buceras
COMBCA,Combretaceae,Combretum,cacoucia
COMBDE,Combretaceae,Combretum,decandrum
COMBFR,Combretaceae,Combretum,fruticosum
COMBLA,Combretaceae,Combretum,laxum
COMBPR,Combretaceae,Combretum,oPrionostemma???
CON1ER,Combretaceae,Conocarpus,erectus
LAGURA,Combretaceae,Laguncularia,racemosa
TERMAM,Combretaceae,Terminalia,amazonia
TERMBU,Combretaceae,Terminalia,bucidoides
TERMCA,Combretaceae,Terminalia,catappa
NA,Combretaceae,Terminalia,lucida
TERMMY,Combretaceae,Terminalia,myriocarpa
TERMOB,Combretaceae,Terminalia,oblonga
TERM1,Combretaceae,Terminalia,sp.1
TERM2,Combretaceae,Terminalia,sp.2
NA,Commelinaceae,Dichorisandra,hexandra
CNESRU,Connaraceae,Cnestidium,rufescens
CONNPA,Connaraceae,Connarus,panamensis
CONNTU,Connaraceae,Connarus,turczaninowii
ROURGL,Connaraceae,Rourea,glabra
BONAMA,Convolvulaceae,Bonamia,maripoide
IPOMPH,Convolvulaceae,Ipomoea,phillomega
IPOMSQ,Convolvulaceae,Ipomoea,squamosa
IPOMTI,Convolvulaceae,Ipomoea,tiliacea
ISEILU,Convolvulaceae,Iseia,luxurians
MAR2PA,Convolvulaceae,Maripa,panamensis
MERRTU,Convolvulaceae,Merremia,tuberosa
ODONHI,Convolvulaceae,Odonellia,hirtiflora
BONATR,Convulvaceae,Bonamia,trichantha
CORNDI,Cornaceae,Cornus,disciflora
NA,Costaceae,Costus,allenii
NA,Costaceae,Costus,guanaiensis
NA,Costaceae,Costus,pulverulentus
NA,Costaceae,Costus,speciosus
CUC1,Cucurbitaceae,(cucurbitaceae),sp.1
CAYADE,Cucurbitaceae,Cayaponia,denticulata
CAYAGR,Cucurbitaceae,Cayaponia,granatensis
NA,Cucurbitaceae,Cayaponia,racemosa
FEVICO,Cucurbitaceae,Fevillea,cordifolia
GURACO,Cucurbitaceae,Gurania,coccinea
GURAMA,Cucurbitaceae,Gurania,makoyana
GURATU,Cucurbitaceae,Gurania,tubulosa
NA,Cucurbitaceae,Melothria,pendula
NA,Cucurbitaceae,Melothria,trilobata
MOMOCH,Cucurbitaceae,Momordica,charantia
PSEUAC,Cucurbitaceae,Pseudosicydium,acariianthum
PSIGBI,Cucurbitaceae,Psiguria,triphylla
PSIGWA,Cucurbitaceae,Psiguria,warscewiczii
SICYCO,Cucurbitaceae,Sicydium,coriaceum
NA,Cyatheaceae,Alsophila,cuspidata
NA,Cyatheaceae,Cyathea,bicrenata
NA,Cyatheaceae,Cyathea,microdonta
CYATMU,Cyatheaceae,Cyathea,multiflora
CNEMPE,Cyatheaceae,Cyathea,petiolata
ZAMIEL,Cycadaceae,Zamia,elegantissimia
NA,Cyclanthaceae,Carludovica,palmata
CYRIRA,Cyrillaceae,Cyrilla,racemiflora
DICHAX,Dichapetalaceae,Dichapetalum,axillare
TAPUCU,Dichapetalaceae,Tapura,cubensis
CURAAM,Dilleniaceae,Curatella,americana
DAVIKU,Dilleniaceae,Davilla,kunthii
DAVINI,Dilleniaceae,Davilla,nitida
DOLI1,Dilleniaceae,Doliocarpus,1
DOLIDE,Dilleniaceae,Doliocarpus,dentatus
DOLIMA,Dilleniaceae,Doliocarpus,major
DOLIMU,Dilleniaceae,Doliocarpus,multiflorus
DOLIOL,Dilleniaceae,Doliocarpus,olivaceus
TET1HY,Dilleniaceae,Tetracera,hydrophila
TET1PO,Dilleniaceae,Tetracera,portobellensis
TET1VO,Dilleniaceae,Tetracera,volubilis
DIO1AL,Dioscoreaceae,Dioscorea,alata
DIO1HA,Dioscoreaceae,Dioscorea,haenkeana
DIO1PI,Dioscoreaceae,Dioscorea,pilosiuscula
DIO1PO,Dioscoreaceae,Dioscorea,polygonoides
DIO1UR,Dioscoreaceae,Dioscorea,urophylla
DIO2AR,Ebenaceae,Diospyros,artanthifolia
SLOALA,Elaeocarpaceae,Sloanea,aff.laurifolia
SLOACE,Elaeocarpaceae,Sloanea,cerrojefe
SLOAGR,Elaeocarpaceae,Sloanea,grandiflora
SLOAM2,Elaeocarpaceae,Sloanea,medusula
SLOAME,Elaeocarpaceae,Sloanea,megaphylla
SLOAM1,Elaeocarpaceae,Sloanea,meianthera
SLOAOB,Elaeocarpaceae,Sloanea,obtusifolia
SLOA5,Elaeocarpaceae,Sloanea,sp.5
SLOA6,Elaeocarpaceae,Sloanea,sp.6
SLOA7,Elaeocarpaceae,Sloanea,sp.7
SLOA8,Elaeocarpaceae,Sloanea,sp.8
SLOA9,Elaeocarpaceae,Sloanea,sp.9
SLOATE,Elaeocarpaceae,Sloanea,terniflora
SLOATU,Elaeocarpaceae,Sloanea,tuerckheimii
SLOAZU,Elaeocarpaceae,Sloanea,zuliaensis
CAVEBR,Ericaceae,Cavendishia,bracteata
ERY2CI,Erythroxylaceae,Erythroxylum,citrifolium
ERY2MA,Erythroxylaceae,Erythroxylum,macrophyllum
ERY2PA,Erythroxylaceae,Erythroxylum,panamense
ERY22,Erythroxylaceae,Erythroxylum,parita
EUP2,Euphorbiaceae,(euphorbiaceae),sp.2
ACALDI,Euphorbiaceae,Acalypha,diversifolia
ACALMA,Euphorbiaceae,Acalypha,macrostachya
NA,Euphorbiaceae,Acalypha,wilkesiana
ACIDNI,Euphorbiaceae,Acidoton,nicaraguensis
ADE1TR,Euphorbiaceae,Adelia,triloba
ALCHCO,Euphorbiaceae,Alchornea,costaricensis
ALCHGR,Euphorbiaceae,Alchornea,grandis
ALCHLA,Euphorbiaceae,Alchornea,latifolia
ALCH3,Euphorbiaceae,Alchornea,sp.3
ALCH4,Euphorbiaceae,Alchornea,sp.4
ALCH5,Euphorbiaceae,Alchornea,sp.5
AMANGU,Euphorbiaceae,Amanoa,guianensis
CNIDUR,Euphorbiaceae,Cnidoscolus,urens
CONCPL,Euphorbiaceae,Conceveiba,pleiostemona
CROTBI,Euphorbiaceae,Croton,billbergianus
CROTDR,Euphorbiaceae,Croton,draco
CROTLA,Euphorbiaceae,Croton,lanjouwensis
CROTPA,Euphorbiaceae,Croton,pachypodus
CROTSA,Euphorbiaceae,Croton,santaritensis
CROTSC,Euphorbiaceae,Croton,schiedeanus
CROTSM,Euphorbiaceae,Croton,smithianus
CROT2,Euphorbiaceae,Croton,sp.2
CROT3,Euphorbiaceae,Croton,sp.3
CROTTR,Euphorbiaceae,Croton,trinitatis
DALECI,Euphorbiaceae,Dalechampia,cissifolia
DALEDI,Euphorbiaceae,Dalechampia,dioscoreifolia
DRYPAM,Euphorbiaceae,Drypetes,aff.amazonica
DRYP2,Euphorbiaceae,Drypetes,coba
DRYP1,Euphorbiaceae,Drypetes,sp.1
DRYPST,Euphorbiaceae,Drypetes,standleyi
EUPHEL,Euphorbiaceae,Euphorbia,elata
NA,Euphorbiaceae,Garcia,nutans
HEVEBR,Euphorbiaceae,Hevea,brasiliensis
HYERAL,Euphorbiaceae,Hieronyma,alchorneoides
HYEROB,Euphorbiaceae,Hieronyma,oblonga
HIPPMA,Euphorbiaceae,Hippomane,mancinella
HURACR,Euphorbiaceae,Hura,crepitans
JATRCU,Euphorbiaceae,Jatropha,curcas
JATRGO,Euphorbiaceae,Jatropha,gossypiifolia
JATRIN,Euphorbiaceae,Jatropha,integerrima
MABEOC,Euphorbiaceae,Mabea,occidentalis
MAN1ES,Euphorbiaceae,Manihot,esculenta
MAPRGU,Euphorbiaceae,Maprounea,guianensis
MARGNO,Euphorbiaceae,Margaritaria,nobilis
OMPHDI,Euphorbiaceae,Omphalea,diandra
PAUSTR,Euphorbiaceae,Pausandra,trianae
PERAAR,Euphorbiaceae,Pera,arborea
PERAOP,Euphorbiaceae,Pera,oppositifolia
PHYLAC,Euphorbiaceae,Phyllanthus,acuminatus
PHYL1,Euphorbiaceae,Phyllanthus,chagres
PHYLSK,Euphorbiaceae,Phyllanthus,skutchii
RICICO,Euphorbiaceae,Ricinus,communis
SAPISP,Euphorbiaceae,Sapium,broadleaf
SAPIAU,Euphorbiaceae,Sapium,glandulosum
SAPILA,Euphorbiaceae,Sapium,laurifolium
SAPIPA,Euphorbiaceae,Sapium,pachystachys
SAPI2,Euphorbiaceae,Sapium,sp.2
TET5EU,Euphorbiaceae,Tetrorchidium,euryphyllum
TET5GO,Euphorbiaceae,Tetrorchidium,gorgonae
ACACAC,Fabaceae,Acacia,acanthophylla
ACACHA,Fabaceae,Acacia,hayesii
ACACRI,Fabaceae,Acacia,riparia
BAUHGU,Fabaceae,Bauhinia,guianensis
BAUHRE,Fabaceae,Bauhinia,reflexa
CLITJA,Fabaceae,Clitoria,javitensis
CLITRU,Fabaceae,Clitoria,rubiginosa
CORYRO,Fabaceae,Corymbosa,roseum
DALBMO,Fabaceae,Dalbergia,monetaria
DIOCGU,Fabaceae,Dioclea,guianensis
DIOCRE,Fabaceae,Dioclea,reflexa
DIOCWI,Fabaceae,Dioclea,wilsonii
ENTAMO,Fabaceae,Entada,gigas
ADE4PO,Fabaceae,Entadopsis,polystachya
MACHFL,Fabaceae,Machaerium,floribundum
MACHM1,Fabaceae,Machaerium,isadelphum
MACHKE,Fabaceae,Machaerium,kegelii
MACHM2,Fabaceae,Machaerium,milleflorum
MACHAR,Fabaceae,Machaerium,pittieri
MACHRI,Fabaceae,Machaerium,riparium
MACHSE,Fabaceae,Machaerium,seemanii
MUCURO,Fabaceae,Mucuna,rostrata
PIT1HY,Fabaceae,Pithecellobium,hymenaeifolium
SENNUN,Fabaceae,Senna,undulata
BAUHAC,Fabaceae-Caesalpinioideae,Bauhinia,aculeata
BAUHHY,Fabaceae-Caesalpinioideae,Bauhinia,hymenaeifolia
BAUH1,Fabaceae-Caesalpinioideae,Bauhinia,sp.1
BAUHUN,Fabaceae-Caesalpinioideae,Bauhinia,ungulata
BROWMA,Fabaceae-Caesalpinioideae,Brownea,macrophylla
CAS1GR,Fabaceae-Caesalpinioideae,Cassia,grandis
CAS1MO,Fabaceae-Caesalpinioideae,Cassia,moschata
COPAAR,Fabaceae-Caesalpinioideae,Copaifera,aromatica
CRUDAC,Fabaceae-Caesalpinioideae,Crudia,acuminata
CYNOBA,Fabaceae-Caesalpinioideae,Cynometra,bauhiniifolia
DELORE,Fabaceae-Caesalpinioideae,Delonix,regia
DIALGU,Fabaceae-Caesalpinioideae,Dialium,guianense
HYMECO,Fabaceae-Caesalpinioideae,Hymenaea,courbaril
MAC1CO,Fabaceae-Caesalpinioideae,Macrolobium,costaricense
MAC1PI,Fabaceae-Caesalpinioideae,Macrolobium,pittieri
PAR1AC,Fabaceae-Caesalpinioideae,Parkinsonia,aculeata
NA,Fabaceae-Caesalpinioideae,Peltogyne,purpurea
PEL1IN,Fabaceae-Caesalpinioideae,Peltophorum,pterocarpum
PRI2CO,Fabaceae-Caesalpinioideae,Prioria,copaifera
SCHIPA,Fabaceae-Caesalpinioideae,Schizolobium,parahyba
SCLECO,Fabaceae-Caesalpinioideae,Sclerolobium,costaricense
SENNBI,Fabaceae-Caesalpinioideae,Senna,bicapsularis
SENNDA,Fabaceae-Caesalpinioideae,Senna,dariensis
SENNOB,Fabaceae-Caesalpinioideae,Senna,obtusifolia
SENNRE,Fabaceae-Caesalpinioideae,Senna,reticulata
TACHVE,Fabaceae-Caesalpinioideae,Tachigali,versicolor
TAMAIN,Fabaceae-Caesalpinioideae,Tamarindus,indica
CYMBRO,Fabaceae-faboid,Cymbosema,roseum
MUCUMU,Fabaceae-faboid,Mucuna,mutisiana
RHYCPY,Fabaceae-faboid,Rhynchosia,pyramidalis
PIT1BA,Fabaceae-Mimosoideae,Abarema,barbouriana
PIT1MA,Fabaceae-Mimosoideae,Abarema,macradenia
ACACCO,Fabaceae-Mimosoideae,Acacia,collinsii
ACACMA,Fabaceae-Mimosoideae,Acacia,mangium
ACACME,Fabaceae-Mimosoideae,Acacia,melanoceras
ACAC1,Fabaceae-Mimosoideae,Acacia,sp.1
ACACTI,Fabaceae-Mimosoideae,Acacia,tenuifolia
ADE2PA,Fabaceae-Mimosoideae,Adenanthera,pavonina
ALBIAD,Fabaceae-Mimosoideae,Albizia,adinocephala
ALBINI,Fabaceae-Mimosoideae,Albizia,niopoides
ALBIPR,Fabaceae-Mimosoideae,Albizia,procera
BALIEL,Fabaceae-Mimosoideae,Balizia,elegans
CAESCO,Fabaceae-Mimosoideae,Caesalpinia,coriaria
CAESER,Fabaceae-Mimosoideae,Caesalpinia,eriostachys
CALLGR,Fabaceae-Mimosoideae,Calliandra,aff.grandifolia
CALLST,Fabaceae-Mimosoideae,Calliandra,laxa_var.stipulacea
CALLMA,Fabaceae-Mimosoideae,Calliandra,magdalenae
CHLOMA,Fabaceae-Mimosoideae,Chloroleucon,mangense
COJO1,Fabaceae-Mimosoideae,Cojoba,hoja_grande
PIT1RU,Fabaceae-Mimosoideae,Cojoba,rufescens
ENTECY,Fabaceae-Mimosoideae,Enterolobium,cyclocarpum
ENTESC,Fabaceae-Mimosoideae,Enterolobium,schomburgkii
INGAAC,Fabaceae-Mimosoideae,Inga,acrocephala
INGAS1,Fabaceae-Mimosoideae,Inga,acuminata
INGAST,Fabaceae-Mimosoideae,Inga,aff.stenophylla
INGAAL,Fabaceae-Mimosoideae,Inga,alba
INGABE,Fabaceae-Mimosoideae,Inga,bella
INGACA,Fabaceae-Mimosoideae,Inga,capitata
INGACH,Fabaceae-Mimosoideae,Inga,chocoensis
INGACI,Fabaceae-Mimosoideae,Inga,ciliata_ss:ciliata
INGAC1,Fabaceae-Mimosoideae,Inga,ciliata_ss:subcapitata
INGACO,Fabaceae-Mimosoideae,Inga,cocleensis
INGAC2,Fabaceae-Mimosoideae,Inga,coruscans
INGADW,Fabaceae-Mimosoideae,Inga,dwyeri
INGAED,Fabaceae-Mimosoideae,Inga,edulis
INGAFI,Fabaceae-Mimosoideae,Inga,filiformis
INGAGO,Fabaceae-Mimosoideae,Inga,goldmanii
NA,Fabaceae-Mimosoideae,Inga,hayesii
INGAJE,Fabaceae-Mimosoideae,Inga,jefensis
INGAFA,Fabaceae-Mimosoideae,Inga,laurina
INGALE,Fabaceae-Mimosoideae,Inga,leiocalycina
INGAMA,Fabaceae-Mimosoideae,Inga,marginata
INGAMO,Fabaceae-Mimosoideae,Inga,mortoniana
INGAM1,Fabaceae-Mimosoideae,Inga,mucuna
INGAM2,Fabaceae-Mimosoideae,Inga,multijuga
INGAQU,Fabaceae-Mimosoideae,Inga,nobilis
INGAMI,Fabaceae-Mimosoideae,Inga,oerstediana
INGAPA,Fabaceae-Mimosoideae,Inga,pauciflora
INGAPE,Fabaceae-Mimosoideae,Inga,pezizifera
INGAP1,Fabaceae-Mimosoideae,Inga,polita
INGAPO,Fabaceae-Mimosoideae,Inga,portobellensis
INGAPU,Fabaceae-Mimosoideae,Inga,punctata
INGARU,Fabaceae-Mimosoideae,Inga,ruiziana
INGASA,Fabaceae-Mimosoideae,Inga,sapindoides
INGASE,Fabaceae-Mimosoideae,Inga,sertulifera
INGASI,Fabaceae-Mimosoideae,Inga,sierrae
INGA11,Fabaceae-Mimosoideae,Inga,sp.11
INGA15,Fabaceae-Mimosoideae,Inga,sp.15
INGA18,Fabaceae-Mimosoideae,Inga,sp.18
INGA24,Fabaceae-Mimosoideae,Inga,sp.24
INGA31,Fabaceae-Mimosoideae,Inga,sp.31
INGA32,Fabaceae-Mimosoideae,Inga,sp.32
INGA34,Fabaceae-Mimosoideae,Inga,sp.34(hoja_peque§ãa)
INGA6,Fabaceae-Mimosoideae,Inga,sp.6
INGA7,Fabaceae-Mimosoideae,Inga,sp.7
INGA8,Fabaceae-Mimosoideae,Inga,sp.8
INGASP,Fabaceae-Mimosoideae,Inga,spectabilis
INGATH,Fabaceae-Mimosoideae,Inga,thibaudiana
INGAUM,Fabaceae-Mimosoideae,Inga,umbellifera
INGAUR,Fabaceae-Mimosoideae,Inga,urceolata
INGAV1,Fabaceae-Mimosoideae,Inga,venusta
INGAVE,Fabaceae-Mimosoideae,Inga,vera
NA,Fabaceae-Mimosoideae,Leucaena,multicapitula
MIMOPU,Fabaceae-Mimosoideae,Mimosa,pudica
MIMOTE,Fabaceae-Mimosoideae,Mimosa,tenuiflora
PARKNI,Fabaceae-Mimosoideae,Parkia,nitida
PEN1MA,Fabaceae-Mimosoideae,Pentaclethra,macroloba
PIT1LA,Fabaceae-Mimosoideae,Pithecellobium,lanceolatum
PIT1UN,Fabaceae-Mimosoideae,Pithecellobium,unguis-cati
PROSJU,Fabaceae-Mimosoideae,Prosopis,juliflora
ALBIGU,Fabaceae-Mimosoideae,Pseudosamanea,guachapele
SAMASA,Fabaceae-Mimosoideae,Samanea,saman
PIT1DI,Fabaceae-Mimosoideae,Zygia,dinizii
ZYGIEN,Fabaceae-Mimosoideae,Zygia,englesingii
ZYGILA,Fabaceae-Mimosoideae,Zygia,latifolia
ZYGILO,Fabaceae-Mimosoideae,Zygia,longifolia
ZYGI1,Fabaceae-Mimosoideae,Zygia,sp.1
ZYGI2,Fabaceae-Mimosoideae,Zygia,sp.2
ACOSPA,Fabaceae-Papilionoideae,Acosmium,panamense
NA,Fabaceae-Papilionoideae,Aeschynomene,sensitiva
ANDIIN,Fabaceae-Papilionoideae,Andira,inermis
CALOMU,Fabaceae-Papilionoideae,Calopogonium,muconoides
NA,Fabaceae-Papilionoideae,Canavalia,dictyota
NA,Fabaceae-Papilionoideae,Centrosema,pubescens
CLITGL,Fabaceae-Papilionoideae,Clitoria,glaberrima
NA,Fabaceae-Papilionoideae,Dalbergia,brownei
DALBRE,Fabaceae-Papilionoideae,Dalbergia,retusa
DESMAX,Fabaceae-Papilionoideae,Desmodium,axillare
DESMHE,Fabaceae-Papilionoideae,Desmodium,heterocarpon
NA,Fabaceae-Papilionoideae,Desmodium,incanum
DIOC1,Fabaceae-Papilionoideae,Dioclea,sp.1
DIPHRO,Fabaceae-Papilionoideae,Diphysa,americana
DIPLPU,Fabaceae-Papilionoideae,Diplotropis,purpurea
DIPTPA,Fabaceae-Papilionoideae,Dipteryx,oleifera
DUSSAT,Fabaceae-Papilionoideae,Dussia,atropurpurea
DUSSMA,Fabaceae-Papilionoideae,Dussia,macroprophyllata
DUSS1,Fabaceae-Papilionoideae,Dussia,sp.1
DUSS2,Fabaceae-Papilionoideae,Dussia,sp.2
DUSS3,Fabaceae-Papilionoideae,Dussia,sp.3
DUSS4,Fabaceae-Papilionoideae,Dussia,sp.4
DUSS5,Fabaceae-Papilionoideae,Dussia,sp.5
DUSS6,Fabaceae-Papilionoideae,Dussia,sp.6
DUSSTE,Fabaceae-Papilionoideae,Dussia,tessmannii
ERY1CO,Fabaceae-Papilionoideae,Erythrina,costaricensis
ERY1FU,Fabaceae-Papilionoideae,Erythrina,fusca
ERY1GI,Fabaceae-Papilionoideae,Erythrina,gibbosa
ERY1PO,Fabaceae-Papilionoideae,Erythrina,poeppigiana
ERY1RU,Fabaceae-Papilionoideae,Erythrina,rubrinervia
ERY3SU,Fabaceae-Papilionoideae,Erythrophleum,suaveolens
FISSFE,Fabaceae-Papilionoideae,Fissicalyx,fendleri
FLEMST,Fabaceae-Papilionoideae,Flemingia,strobilifera
GLIRSE,Fabaceae-Papilionoideae,Gliricidia,sepium
HYM1ME,Fabaceae-Papilionoideae,Hymenolobium,mesoamericanum
LECOAM,Fabaceae-Papilionoideae,Lecointea,aff.amazonica
LENNVI,Fabaceae-Papilionoideae,Lennea,viridiflora
LONCAT,Fabaceae-Papilionoideae,Lonchocarpus,atropurpureus
LONCFE,Fabaceae-Papilionoideae,Lonchocarpus,ferrugineus
LONCLA,Fabaceae-Papilionoideae,Lonchocarpus,heptaphyllus
LONCMA,Fabaceae-Papilionoideae,Lonchocarpus,macrophyllus
LONCMI,Fabaceae-Papilionoideae,Lonchocarpus,minimiflorus
LONCOL,Fabaceae-Papilionoideae,Lonchocarpus,oliganthus
LONCSE,Fabaceae-Papilionoideae,Lonchocarpus,sericeus
LONCVE,Fabaceae-Papilionoideae,Lonchocarpus,velutinus
MACHBI,Fabaceae-Papilionoideae,Machaerium,biovulatum
MACHSA,Fabaceae-Papilionoideae,Machaerium,salvadorense
MYROFR,Fabaceae-Papilionoideae,Myrospermum,frutescens
MYR3BA,Fabaceae-Papilionoideae,Myroxylum,balsamum
ORMOAM,Fabaceae-Papilionoideae,Ormosia,amazonica
ORMOCR,Fabaceae-Papilionoideae,Ormosia,coccinea
ORMOMA,Fabaceae-Papilionoideae,Ormosia,macrocalyx
NA,Fabaceae-Papilionoideae,Ormosia,panamensis
NA,Fabaceae-Papilionoideae,Pachyrhizus,ferrugineus
PLA1PI,Fabaceae-Papilionoideae,Platymiscium,pinnatum
PLA2EL,Fabaceae-Papilionoideae,Platypodium,elegans
PTERAC,Fabaceae-Papilionoideae,Pterocarpus,acapulcensis
PTEROF,Fabaceae-Papilionoideae,Pterocarpus,officinalis
PTERRO,Fabaceae-Papilionoideae,Pterocarpus,rohrii
PTER2,Fabaceae-Papilionoideae,Pterocarpus,sp.2
PTER3,Fabaceae-Papilionoideae,Pterocarpus,sp.3
SWARSU,Fabaceae-Papilionoideae,Swartzia,aff.sumorum
SWARPA,Fabaceae-Papilionoideae,Swartzia,panamensis
SWARS1,Fabaceae-Papilionoideae,Swartzia,simplex_var.grandiflora
SWARS2,Fabaceae-Papilionoideae,Swartzia,simplex_var.ochnacea
VATAER,Fabaceae-Papilionoideae,Vatairea,erythrocarpa
NA,Fabaceae-Papilionoideae,Vigna,peduncularis
QUERIN,Fagaceae,Quercus,insignis
BANAGU,Flacourtiaceae,Banara,guianensis
CARPPL,Flacourtiaceae,Carpotroche,platyptera
CASEAC,Flacourtiaceae,Casearia,aculeata
CASEAR,Flacourtiaceae,Casearia,arborea
CASEA1,Flacourtiaceae,Casearia,arguta
CASECO,Flacourtiaceae,Casearia,commersoniana
CASEC1,Flacourtiaceae,Casearia,coronata
CASEC2,Flacourtiaceae,Casearia,corymbosa
CASEGU,Flacourtiaceae,Casearia,guianensis
CASENI,Flacourtiaceae,Casearia,nigricans
CASE1,Flacourtiaceae,Casearia,sp.1
CASE3,Flacourtiaceae,Casearia,sp.3
CASE4,Flacourtiaceae,Casearia,sp.4
CASE5,Flacourtiaceae,Casearia,sp.5
CASE6,Flacourtiaceae,Casearia,sp.6
CASESY,Flacourtiaceae,Casearia,sylvestris
FLACJA,Flacourtiaceae,Flacourtia,jangomas
HASSFL,Flacourtiaceae,Hasseltia,floribunda
HOMARA,Flacourtiaceae,Homalium,racemosum
LACIAG,Flacourtiaceae,Lacistema,aggregatum
LAETPR,Flacourtiaceae,Laetia,procera
LAETTH,Flacourtiaceae,Laetia,thamnia
LINDLA,Flacourtiaceae,Lindackeria,laurina
LUNAPI,Flacourtiaceae,Lunania,mexicana
LUNAPA,Flacourtiaceae,Lunania,parviflora
MAYNGR,Flacourtiaceae,Mayna,grandifolia
MAYNOD,Flacourtiaceae,Mayna,odorata
PLE1LI,Flacourtiaceae,Pleuranthodendron,lindenii
PROCCR,Flacourtiaceae,Prockia,crucis
RYANSP,Flacourtiaceae,Ryania,speciosa
TET4JO,Flacourtiaceae,Tetrathylacium,johansenii
TET4MA,Flacourtiaceae,Tetrathylacium,macrophyllum
XYL2CH,Flacourtiaceae,Xylosma,chlorantha
XYL2OL,Flacourtiaceae,Xylosma,oligandra
XYL2PA,Flacourtiaceae,Xylosma,panamensis
ZUELGU,Flacourtiaceae,Zuelania,guidonia
LISIJE,Gentianaceae,Lisianthius,jefensis
NA,Gentianaceae,Voyria,tenella
BESLFO,Gesneriaceae,Besleria,formicaria
BESLRO,Gesneriaceae,Besleria,robusta
NA,Gesneriaceae,Chrysothemis,friedrichsthaliana
NA,Gesneriaceae,Codonanthe,crassifolia
NA,Gesneriaceae,Codonanthe,uleana
NA,Gesneriaceae,Columnea,billbergiana
NA,Gesneriaceae,Columnea,purpurata
NA,Gesneriaceae,Drymonia,serrulata
NA,Gesneriaceae,Nautilocalyx,panamensis
GNETLE,Gnetaceae,Gnetum,leyboldii
NA,Heliconiaceae,Heliconia,irrasa
NA,Heliconiaceae,Heliconia,mariae
NA,Heliconiaceae,Heliconia,platystachys
NA,Heliconiaceae,Heliconia,vaginalis
GYROAM,Hernandiaceae,Gyrocarpus,americanus
HERNDI,Hernandiaceae,Hernandia,didymantha
HERNST,Hernandiaceae,Hernandia,stenura
BILLCO,Hippocastanaceae,Billia,rosea
ANTHPA,Hippocrateaceae,Anthodon,panamense
CHEIBE,Hippocrateaceae,Cheiloclinium,belizense
CHEICO,Hippocrateaceae,Cheiloclinium,cognatum
CUERKA,Hippocrateaceae,Cuervea,kappleriana
HIPPVO,Hippocrateaceae,Hippocratea,volubilis
HYLEPR,Hippocrateaceae,Hylenaea,praecelsa
PRI1AS,Hippocrateaceae,Prionostemma,aspera
SALAJU,Hippocrateaceae,Salacia,juruana
SALAPE,Hippocrateaceae,Salacia,petenensis
TONTOV,Hippocrateaceae,Tontelea,ovalifolia_subsp._richardii
HUMIDI,Humiriaceae,Humiriastrum,diguense
SACOOV,Humiriaceae,Sacoglottis,ovicarpa
SACOTR,Humiriaceae,Sacoglottis,trichogyna
VANTDE,Humiriaceae,Vantanea,depleta
CALACO,Icacinaceae,Calatola,costaricensis
DISCGU,Icacinaceae,Discophora,guianensis
NA,Iridaceae,Neomarica,gracilis
LOZAMU,Lacistemataceae,Lozania,mutisiana
LOZAPI,Lacistemataceae,Lozania,pittieri
COR1PY,Lamiaceae,Cornutia,pyramidata
HYPT1,Lamiaceae,Hyptis,sp
LAU12,Lauraceae,(lauraceae),pubescente
LAU11,Lauraceae,(lauraceae),sp.11
LAU13,Lauraceae,(lauraceae),sp.13
LAU14,Lauraceae,(lauraceae),sp.14
LAU15,Lauraceae,(lauraceae),sp.15
LAU16,Lauraceae,(lauraceae),sp.16
LAU17,Lauraceae,(lauraceae),sp.17
LAU18,Lauraceae,(lauraceae),sp.18
LAU19,Lauraceae,(lauraceae),sp.19
LAU4,Lauraceae,(lauraceae),sp.4
LAU5,Lauraceae,(lauraceae),sp.5
LAU8,Lauraceae,(lauraceae),sp.8
AIOUVE,Lauraceae,Aiouea,vexatrix
ANIBHO,Lauraceae,Aniba,hostmanniana
ANIB1,Lauraceae,Aniba,sp.1
ANIB2,Lauraceae,Aniba,sp.2
BEILTI,Lauraceae,Beilschmiedia,aff.tilaranensis
BEILPE,Lauraceae,Beilschmiedia,pendula
BEILSU,Lauraceae,Beilschmiedia,sulcata
CARYBU,Lauraceae,Caryodaphnopsis,burgeri
CARYTO,Lauraceae,Caryodaphnopsis,tomentosa
CINNPA,Lauraceae,Cinnamomum,paratriplinerve
PHOECI,Lauraceae,Cinnamomum,triplinerve
CRYPAS,Lauraceae,Cryptocarya,aschersoniana
ENDLBR,Lauraceae,Endlicheria,browniana
LIC13,Lauraceae,Licaria,arco_seco
LIC1EX,Lauraceae,Licaria,excelsa
LIC1GU,Lauraceae,Licaria,guianensis
LIC1MI,Lauraceae,Licaria,misantlae
LIC12,Lauraceae,Licaria,sp.2
NECTBI,Lauraceae,Nectandra,bicolor
NECTCI,Lauraceae,Nectandra,cissiflora
NECTCU,Lauraceae,Nectandra,cuspidata
NECTS1,Lauraceae,Nectandra,fuzzy
NECTGL,Lauraceae,Nectandra,lineata
NECTMA,Lauraceae,Nectandra,martinicensis
NECTME,Lauraceae,Nectandra,membranacea
NECTPU,Lauraceae,Nectandra,purpurea
NA,Lauraceae,Nectandra,savannarum
NECT11,Lauraceae,Nectandra,sp.11
NECT12,Lauraceae,Nectandra,sp.12
NECT3,Lauraceae,Nectandra,sp.3
NECTS3,Lauraceae,Nectandra,sp.4_(tiny_leaf)
NECT9,Lauraceae,Nectandra,sp.9
NECTUM,Lauraceae,Nectandra,umbrosa
OCOTAR,Lauraceae,Ocotea,arcuata
OCOTPA,Lauraceae,Ocotea,atirrensis
OCOTCE,Lauraceae,Ocotea,cernua
OCOTDE,Lauraceae,Ocotea,dendrodaphne
OCOTEN,Lauraceae,Ocotea,endresiana
OCOTHA,Lauraceae,Ocotea,hartshorniana
OCOTHE,Lauraceae,Ocotea,helicterifolia
OCOTIR,Lauraceae,Ocotea,insularis
OCOTJO,Lauraceae,Ocotea,jorge-escobarii
OCOTLE,Lauraceae,Ocotea,leucoxylon
OCOTME,Lauraceae,Ocotea,meziana
OCOTOB,Lauraceae,Ocotea,oblonga
OCOTPU,Lauraceae,Ocotea,puberula
OCOTRU,Lauraceae,Ocotea,rubrinervis
OCOT13,Lauraceae,Ocotea,sp.13
OCOT14,Lauraceae,Ocotea,sp.14
OCOT17,Lauraceae,Ocotea,sp.17
OCOT18,Lauraceae,Ocotea,sp.18
OCOT19,Lauraceae,Ocotea,sp.19
OCOT5,Lauraceae,Ocotea,sp.5
OCOT6,Lauraceae,Ocotea,sp.6
OCOT7,Lauraceae,Ocotea,sp.7
OCOT8,Lauraceae,Ocotea,sp.8
OCOT9,Lauraceae,Ocotea,sp.9
OCOTTO,Lauraceae,Ocotea,tonduzii
OCOTVE,Lauraceae,Ocotea,veraguensis
OCOTWH,Lauraceae,Ocotea,whitei
PERSAM,Lauraceae,Persea,americana
PHOE1,Lauraceae,Phoebe,sp.1
PLEUHE,Lauraceae,Pleurothyrium,aff.hexaglandulosum
PLEURA,Lauraceae,Pleurothyrium,racemosum
PLEU2,Lauraceae,Pleurothyrium,sp.2_(hoja_grande)
COURPA,Lecythidaceae,Couratari,guianensis
COU3GU,Lecythidaceae,Couroupita,guianensis
ESCHAN,Lecythidaceae,Eschweilera,aff.angustifolia
ESCHAM,Lecythidaceae,Eschweilera,amplexifolia
ESCHCA,Lecythidaceae,Eschweilera,calyculata
ESCHJA,Lecythidaceae,Eschweilera,jacquelyniae
ESCHPA,Lecythidaceae,Eschweilera,panamensis
ESCHPI,Lecythidaceae,Eschweilera,pittieri
ESCHSE,Lecythidaceae,Eschweilera,sessilis
ESCH3,Lecythidaceae,Eschweilera,sp.3
ESCH6,Lecythidaceae,Eschweilera,sp.6
ESCH7,Lecythidaceae,Eschweilera,sp.7
ESCH8,Lecythidaceae,Eschweilera,sp.8
GRIACA,Lecythidaceae,Grias,cauliflora
GUSTDU,Lecythidaceae,Gustavia,dubia
GUSTFO,Lecythidaceae,Gustavia,fosteri
GUSTGR,Lecythidaceae,Gustavia,grandibracteata
GUSTHE,Lecythidaceae,Gustavia,hexapetala
GUSTNA,Lecythidaceae,Gustavia,nana
GUST1,Lecythidaceae,Gustavia,sp.1
GUSTSU,Lecythidaceae,Gustavia,superba
LECYAM,Lecythidaceae,Lecythis,ampla
RUPTCA,Lepidobotryaceae,Ruptiliocarpon,caracolito
BUDDAM,Loganiaceae,Buddleja,americana
POTAAM,Loganiaceae,Potalia,amara
SPIGAN,Loganiaceae,Spigelia,anthelmia
STRYBR,Loganiaceae,Strychnos,brachistantha
STRYDA,Loganiaceae,Strychnos,darienensis
STRYPA,Loganiaceae,Strychnos,panamensis
STRY1,Loganiaceae,Strychnos,sp.1
STRYTO,Loganiaceae,Strychnos,toxifera
ORYCAL,Loranthaceae,Oryctanthus,alveolatus
ORYCCO,Loranthaceae,Oryctanthus,cordifolius
NA,Loranthaceae,Oryctanthus,occidentalis
NA,Loranthaceae,Oryctanthus,spicatus
NA,Loranthaceae,Phthirusa,pyrifolia
NA,Loranthaceae,Struthanthus,orbicularis
ADENFL,Lythraceae,Adenaria,floribunda
LAFOPU,Lythraceae,Lafoensia,punicifolia
LAGESP,Lythraceae,Lagerstroemia,speciosa
MAGNSO,Magnoliaceae,Magnolia,sororum
TALAGL,Magnoliaceae,Talauma,gloriensis
TALASA,Magnoliaceae,Talauma,sambuensis
MAL1,Malpighiaceae,(malpighiaceae),sp.1
BANICO,Malpighiaceae,Banisteriopsis,cornifolia
NA,Malpighiaceae,Banisteriopsis,muricata
BUNCDW,Malpighiaceae,Bunchosia,dwyeri
BUNCMA,Malpighiaceae,Bunchosia,macrophylla
BUNCCO,Malpighiaceae,Bunchosia,nitida
BUNCOD,Malpighiaceae,Bunchosia,odorata
BUNC1,Malpighiaceae,Bunchosia,sp.1
BYRSCR,Malpighiaceae,Byrsonima,crassifolia
BYRSC1,Malpighiaceae,Byrsonima,crispa
BYRSNE,Malpighiaceae,Byrsonima,dressleri
BYRSSP,Malpighiaceae,Byrsonima,spicata
HETELA,Malpighiaceae,Heteropteris,laurifolia
HETEPA,Malpighiaceae,Heteropteris,panamense
HIRAF1,Malpighiaceae,Hiraea,fagifolia
HIRAFA,Malpighiaceae,Hiraea,faginea
NA,Malpighiaceae,Hiraea,fosteri
HIRAGR,Malpighiaceae,Hiraea,grandifolia
NA,Malpighiaceae,Hiraea,papilionacea
HIRARE,Malpighiaceae,Hiraea,reclinata
HIRAQU,Malpighiaceae,Hiraea,smilacina
MALPAL,Malpighiaceae,Malpighia,albiflora
MALPGL,Malpighiaceae,Malpighia,glabra
MALPRO,Malpighiaceae,Malpighia,romeroana
MASCHI,Malpighiaceae,Mascagnia,hiraea
MASCNE,Malpighiaceae,Mascagnia,ovatifolia
NA,Malpighiaceae,Mascagnia,ovatifolia
MASC1,Malpighiaceae,Mascagnia,sp.1
SPACCO,Malpighiaceae,Spachea,correae
SPACME,Malpighiaceae,Spachea,membranacea
STIGEL,Malpighiaceae,Stigmaphyllon,ellipticum
STIGHY,Malpighiaceae,Stigmaphyllon,hypargyreum
STIGLI,Malpighiaceae,Stigmaphyllon,lindenianum
STIGPU,Malpighiaceae,Stigmaphyllon,puberum
TET3DI,Malpighiaceae,Tetrapterys,discolor
TET3GO,Malpighiaceae,Tetrapterys,goudotiana
TET3SE,Malpighiaceae,Tetrapterys,seemannii
TET31,Malpighiaceae,Tetrapterys,sp.1
TET3MA,Malpighiaceae,Tetrapterys,tinifolia
GOSSBA,Malvaceae,Gossypium,barbadense
HAMPAP,Malvaceae,Hampea,appendiculata
HAMPMI,Malvaceae,Hampea,micrantha
LOPIDA,Malvaceae,Pavonia,dasypetala
PAVORO,Malvaceae,Pavonia,schiedeana
SIDAAC,Malvaceae,Sida,aculeata
HIBIPE,Malvaceae,Talipariti,tiliaceum_var.pernambucens
THESPO,Malvaceae,Thespesia,populnea
URENLO,Malvaceae,Urena,lobata
WERCCO,Malvaceae,Wercklea,cocleana
WERCIN,Malvaceae,Wercklea,insignis
WERCWO,Malvaceae,Wercklea,woodsonii
NA,Marantaceae,Calathea,inocephala
NA,Marantaceae,Calathea,latifolia
NA,Marantaceae,Calathea,lutea
NA,Marantaceae,Calathea,micans
NA,Marantaceae,Pleiostachya,pruinosa
NA,Marantaceae,Stromanthe,jacquinii
MARCNE,Marcgraviaceae,Marcgravia,nepenthoides
SOURSY,Marcgraviaceae,Souroubea,sympetala
MEL4,Melastomataceae,(melastomataceae),sp.4
MEL5,Melastomataceae,(melastomataceae),sp.5
ACIOLE,Melastomataceae,Aciotis,rubricaulis
ADELAD,Melastomataceae,Adelobotrys,adscendens
ADELPA,Melastomataceae,Adelobotrys,panamensis
BELLPE,Melastomataceae,Bellucia,pentamera
CLIDCA,Melastomataceae,Clidemia,capitellata
CLIDCO,Melastomataceae,Clidemia,crenulata
CLIDD1,Melastomataceae,Clidemia,densiflora
CLIDDE,Melastomataceae,Clidemia,dentata
CLIDDI,Melastomataceae,Clidemia,discolor
CLIDHA,Melastomataceae,Clidemia,hammelii
CLIDOC,Melastomataceae,Clidemia,octona
CLIDSE,Melastomataceae,Clidemia,septuplinervia
CLIDS1,Melastomataceae,Clidemia,sericea
CLID1,Melastomataceae,Clidemia,sp.1
CONOBR,Melastomataceae,Conostegia,bracteata
CONOCI,Melastomataceae,Conostegia,cinnamomea
CONOCU,Melastomataceae,Conostegia,cuatrecasii
CONOMO,Melastomataceae,Conostegia,montana
CONORU,Melastomataceae,Conostegia,rufescens
CONO1,Melastomataceae,Conostegia,sp.1
CONOSP,Melastomataceae,Conostegia,speciosa
CONOXA,Melastomataceae,Conostegia,xalapensis
GRAFGA,Melastomataceae,Graffenrieda,galeottii
HENRSU,Melastomataceae,Henriettea,succosa
HENRFA,Melastomataceae,Henriettella,fascicularis
HENRTR,Melastomataceae,Henriettella,trachyphylla
HENRTU,Melastomataceae,Henriettella,tuberculosa
LEANDI,Melastomataceae,Leandra,dichotoma
LEANGR,Melastomataceae,Leandra,granatensis
LEAN1,Melastomataceae,Leandra,roja
MICOAF,Melastomataceae,Miconia,affinis
MICOAR,Melastomataceae,Miconia,argentea
MICOCE,Melastomataceae,Miconia,centronioides
MICOC1,Melastomataceae,Miconia,centrosperma
MICOCH,Melastomataceae,Miconia,chrysophylla
MICOCR,Melastomataceae,Miconia,crocata
MICOD1,Melastomataceae,Miconia,dodecandra
MICOD2,Melastomataceae,Miconia,donaeana
MICODO,Melastomataceae,Miconia,dorsiloba
MICOEL,Melastomataceae,Miconia,elata
MICOHO,Melastomataceae,Miconia,hondurensis
MICOIM,Melastomataceae,Miconia,impetiolaris
MICOLA,Melastomataceae,Miconia,lacera
NA,Melastomataceae,Miconia,lateriflora
MICOLI,Melastomataceae,Miconia,ligulata
NA,Melastomataceae,Miconia,lonchophylla
MICOBO,Melastomataceae,Miconia,minutiflora
MICOMU,Melastomataceae,Miconia,multispicata
MICONE,Melastomataceae,Miconia,nervosa
MICOOI,Melastomataceae,Miconia,oinochrophylla
MICOPI,Melastomataceae,Miconia,pileata
MICOPO,Melastomataceae,Miconia,poeppigii
MICOPR,Melastomataceae,Miconia,prasina
MICOPU,Melastomataceae,Miconia,punctata
MICORE,Melastomataceae,Miconia,reducens
MICORU,Melastomataceae,Miconia,rubiginosa
MICOSE,Melastomataceae,Miconia,serrulata
NA,Melastomataceae,Miconia,shattuckii
MICOSI,Melastomataceae,Miconia,simplex
MICO10,Melastomataceae,Miconia,sp.10
MICO14,Melastomataceae,Miconia,sp.14
MICO3,Melastomataceae,Miconia,sp.3
MICO5,Melastomataceae,Miconia,sp.5
MICO9,Melastomataceae,Miconia,sp.9
MICOST,Melastomataceae,Miconia,stenostachya
MICOTR,Melastomataceae,Miconia,trinervia
MICOUM,Melastomataceae,Miconia,umbriensis
MOUREX,Melastomataceae,Mouriri,aff.exilis
MOURCO,Melastomataceae,Mouriri,cf.completens
MOUR1,Melastomataceae,Mouriri,coba
MOURGL,Melastomataceae,Mouriri,gleasoniana
MOURMY,Melastomataceae,Mouriri,myrtilloides
MOURPA,Melastomataceae,Mouriri,panamensis
OSSAQU,Melastomataceae,Ossaea,quinquenervia
OSSASP,Melastomataceae,Ossaea,spicata
TESSGO,Melastomataceae,Tessmannianthus,gordonii
TIBOBI,Melastomataceae,Tibouchina,bipenicillata
TOC1AC,Melastomataceae,Tococa,acuminata
TOC1GU,Melastomataceae,Tococa,guianensis
NA,Melastomataceae,Topobea,parasitica
CARAGU,Meliaceae,Carapa,guianensis
CEDRFI,Meliaceae,Cedrela,fissilis
CEDROD,Meliaceae,Cedrela,odorata
GUAR9,Meliaceae,Guarea,arbusto
GUARSP,Meliaceae,Guarea,bullata
GUARGL,Meliaceae,Guarea,glabra
GUARGR,Meliaceae,Guarea,grandifolia
GUARGU,Meliaceae,Guarea,guidonia
GUARKU,Meliaceae,Guarea,kunthiana
GUARMA,Meliaceae,Guarea,macropetala
GUARM1,Meliaceae,Guarea,macrophylla
NA,Meliaceae,Guarea,polygama
GUARPT,Meliaceae,Guarea,pterorhachis
GUARRH,Meliaceae,Guarea,rhopalocarpa
GUAR2,Meliaceae,Guarea,sherman
GUAR1,Meliaceae,Guarea,sp.1
GUAR4,Meliaceae,Guarea,sp.4
GUAR6,Meliaceae,Guarea,sp.6
GUAR8,Meliaceae,Guarea,sp.8
GUARTE,Meliaceae,Guarea,ternifoliola
KHAYSE,Meliaceae,Khaya,senegalensis
SWIEMA,Meliaceae,Swietenia,macrophylla
TRI2HI,Meliaceae,Trichilia,hirta
TRI2TO,Meliaceae,Trichilia,martiana
TRI2PA,Meliaceae,Trichilia,pallida
TRI2PL,Meliaceae,Trichilia,pleeana
TRI2PO,Meliaceae,Trichilia,poeppigii
TRI2QU,Meliaceae,Trichilia,quadrijuga
TRI2SE,Meliaceae,Trichilia,septentrionalis
TRI21,Meliaceae,Trichilia,sp.1
TRI22,Meliaceae,Trichilia,sp.2
TRI2TR,Meliaceae,Trichilia,trifolia
TRI2TU,Meliaceae,Trichilia,tuberculata
ABUTDW,Menispermaceae,Abuta,dwyerana
ABUTPA,Menispermaceae,Abuta,panamensis
ABUTRA,Menispermaceae,Abuta,racemosa
NA,Menispermaceae,Anomospermum,reticulatum
CHONTO,Menispermaceae,Chondrodendron,tomentosum
CISSPA,Menispermaceae,Cissampelos,pareira
NA,Menispermaceae,Cissampelos,tropaeolifolia
CURATO,Menispermaceae,Curarea,toxicofera
HYPETO,Menispermaceae,Hyperbaena,tonduzii
ODO21,Menispermaceae,Odontocarya,1
ODO2TA,Menispermaceae,Odontocarya,tamoides
ODO2TR,Menispermaceae,Odontocarya,truncata
SCIANI,Menispermaceae,Sciadotenia,nitida
MOLLDA,Monimiaceae,Mollinedia,darienensis
MOLLPI,Monimiaceae,Mollinedia,pinchotiana
SIPACO,Monimiaceae,Siparuna,conica
SIPACU,Monimiaceae,Siparuna,cuspidata
SIPAGR,Monimiaceae,Siparuna,grandiflora
SIPAGU,Monimiaceae,Siparuna,guianensis
SIPAPA,Monimiaceae,Siparuna,pauciflora
SIPA3,Monimiaceae,Siparuna,sp.3
SIPA5,Monimiaceae,Siparuna,sp.5
SIPATH,Monimiaceae,Siparuna,thecaphora
ARTOAL,Moraceae,Artocarpus,altilis
BATOCO,Moraceae,Batocarpus,costaricensis
BROSAL,Moraceae,Brosimum,alicastrum
BROSCO,Moraceae,Brosimum,costaricanum
BROSGU,Moraceae,Brosimum,guianense
BROSLA,Moraceae,Brosimum,lactescens
BROSRU,Moraceae,Brosimum,rubescens
BROSUT,Moraceae,Brosimum,utile
CASTEL,Moraceae,Castilla,elastica
CLARBI,Moraceae,Clarisia,biflora
CLARRA,Moraceae,Clarisia,racemosa
FICUAM,Moraceae,Ficus,americana
FICUP1,Moraceae,Ficus,apollinaris
FICUBE,Moraceae,Ficus,benjamina
FICUBR,Moraceae,Ficus,brevibracteata
FICUBU,Moraceae,Ficus,bullenei
FICUCI,Moraceae,Ficus,citrifolia
FICUC1,Moraceae,Ficus,colubrinae
FICUC2,Moraceae,Ficus,costaricana
FICUDU,Moraceae,Ficus,dugandii
FICUIN,Moraceae,Ficus,insipida
FICUMA,Moraceae,Ficus,maxima
FICUNY,Moraceae,Ficus,nymphaeifolia
FICUOB,Moraceae,Ficus,obtusifolia
FICUPA,Moraceae,Ficus,paraensis
FICUPE,Moraceae,Ficus,pertusa
FICUPO,Moraceae,Ficus,popenoei
FICU10,Moraceae,Ficus,sp.10
FICU11,Moraceae,Ficus,sp.11
FICU12,Moraceae,Ficus,sp.12
FICU13,Moraceae,Ficus,sp.13
FICU3,Moraceae,Ficus,sp.3
FICU4,Moraceae,Ficus,sp.4
FICU5,Moraceae,Ficus,sp.5
FICU6,Moraceae,Ficus,sp.6
FICU8,Moraceae,Ficus,sp.8
FICU9,Moraceae,Ficus,sp.9
FICUTO,Moraceae,Ficus,tonduzii
FICUTR,Moraceae,Ficus,trigonata
FICUYO,Moraceae,Ficus,yoponensis
HEL1TO,Moraceae,Helicostylis,tovarensis
MACLTI,Moraceae,Maclura,tinctoria
MAQUCO,Moraceae,Maquira,guianensis
NAUCCA,Moraceae,Naucleopsis,capirensis
NAUCNA,Moraceae,Naucleopsis,naga
NAUCST,Moraceae,Naucleopsis,straminea
NAUCUL,Moraceae,Naucleopsis,ulei
PEREAN,Moraceae,Perebea,angustifolia
PEREGU,Moraceae,Perebea,guianensis
PERE1,Moraceae,Perebea,sp.1
PEREXA,Moraceae,Perebea,xanthochyma
POULAR,Moraceae,Poulsenia,armata
PSE2LA,Moraceae,Pseudolmedia,laevigata
PSE2SP,Moraceae,Pseudolmedia,spuria
SOROAF,Moraceae,Sorocea,affinis
SOROP1,Moraceae,Sorocea,pubivena_ss:oligotricha
SOROPU,Moraceae,Sorocea,pubivena_ss:pubivena
OLMEAS,Moraceae,Trophis,caucana
TROPRA,Moraceae,Trophis,racemosa
PLIN1,Myraceae,Plinia,cerrojefe
MYR1ME,Myricaceae,Morella,cerifera
COMPCA,Myristicaceae,Compsoneura,capitellata
COMPSP,Myristicaceae,Compsoneura,sprucei
IRYAJU,Myristicaceae,Iryanthera,juruensis
IRYAME,Myristicaceae,Iryanthera,megistocarpa
OSTEPL,Myristicaceae,Osteophloeum,platyspermum
OTOBAC,Myristicaceae,Otoba,acuminata
OTOBLA,Myristicaceae,Otoba,latialata
OTOBNO,Myristicaceae,Otoba,novogranatensis
OTOBPA,Myristicaceae,Otoba,parvifolia
VIROEL,Myristicaceae,Virola,elongata
VIROGU,Myristicaceae,Virola,guatemalensis
VIROKO,Myristicaceae,Virola,koschnyi
VIROMA,Myristicaceae,Virola,macrocarpa
VIROME,Myristicaceae,Virola,megacarpa
VIROSP,Myristicaceae,Virola,multiflora
VIROSE,Myristicaceae,Virola,sebifera
VIRO1,Myristicaceae,Virola,sp.1
VIRO2,Myristicaceae,Virola,sp.2
VIROSU,Myristicaceae,Virola,surinamensis
ARDIBA,Myrsinaceae,Ardisia,bartlettii
ARDIDU,Myrsinaceae,Ardisia,dukei
ARDIGL,Myrsinaceae,Ardisia,glomerata
ARDIGU,Myrsinaceae,Ardisia,guianensis
NA,Myrsinaceae,Ardisia,jefeana
ARDIOP,Myrsinaceae,Ardisia,opaca
ARDIO1,Myrsinaceae,Ardisia,opegrapha
ARDIPE,Myrsinaceae,Ardisia,pellucida
ARDIRE,Myrsinaceae,Ardisia,revoluta
ARDISO,Myrsinaceae,Ardisia,solanacea
ARDI11,Myrsinaceae,Ardisia,sp.11
ARDI15,Myrsinaceae,Ardisia,sp.15
ARDI5,Myrsinaceae,Ardisia,sp.5
ARDI6,Myrsinaceae,Ardisia,sp.6
ARDI7,Myrsinaceae,Ardisia,sp.7
ARDI9,Myrsinaceae,Ardisia,sp.9
ARDIFE,Myrsinaceae,Ardisia,standleyana
CYBISC,Myrsinaceae,Cybianthus,schlimii
HYMEPI,Myrsinaceae,Hymenandra,pittieri
MYRSCO,Myrsinaceae,Myrsine,coriacea
MYRSCU,Myrsinaceae,Myrsine,cubana
MYRS1,Myrsinaceae,Myrsine,sp.1
PAR2AM,Myrsinaceae,Parathesis,amplifolia
PAR2MI,Myrsinaceae,Parathesis,microcalyx
PAR21,Myrsinaceae,Parathesis,sp.1
STYLST,Myrsinaceae,Stylogyne,turbacensis
MYT11,Myrtaceae,(myrtaceae),sp.11
MYT13,Myrtaceae,(myrtaceae),sp.13
MYT15,Myrtaceae,(myrtaceae),sp.15
MYT16,Myrtaceae,(myrtaceae),sp.16
MYT17,Myrtaceae,(myrtaceae),sp.17
MYT18,Myrtaceae,(myrtaceae),sp.18
MYT19,Myrtaceae,(myrtaceae),sp.19
MYT20,Myrtaceae,(myrtaceae),sp.20
MYT21,Myrtaceae,(myrtaceae),sp.21
MYRCZE,Myrtaceae,Aulomyrcia,zetekiana
CAL11,Myrtaceae,Calycolpus,sp.1
CAL1WA,Myrtaceae,Calycolpus,warszewiczianus
NA,Myrtaceae,Calypthranthes,4
CALYCH,Myrtaceae,Calyptranthes,chytraculia
CALYCO,Myrtaceae,Calyptranthes,pallens
CALYPU,Myrtaceae,Calyptranthes,pulchella
CALYTU,Myrtaceae,Calyptranthes,tumidonodia
CHA2SC,Myrtaceae,Chamguava,schippii
EUGEAU,Myrtaceae,Eugenia,austin-smithii
EUGECO,Myrtaceae,Eugenia,coloradoensis
EUGECR,Myrtaceae,Eugenia,cricamolensis
EUGEGA,Myrtaceae,Eugenia,galalonensis
EUGESA,Myrtaceae,Eugenia,hiraeifolia
EUGENE,Myrtaceae,Eugenia,nesiotica
EUGEOC,Myrtaceae,Eugenia,octopleura
EUGEOE,Myrtaceae,Eugenia,oerstediana
EUGEPR,Myrtaceae,Eugenia,principium
EUGE10,Myrtaceae,Eugenia,sp.10
EUGE13,Myrtaceae,Eugenia,sp.13
EUGE16,Myrtaceae,Eugenia,sp.16
EUGE18,Myrtaceae,Eugenia,sp.18
EUGE19,Myrtaceae,Eugenia,sp.19
EUGE20,Myrtaceae,Eugenia,sp.20
EUGE22,Myrtaceae,Eugenia,sp.22
EUGE24,Myrtaceae,Eugenia,sp.24
EUGE26,Myrtaceae,Eugenia,sp.26
EUGE27,Myrtaceae,Eugenia,sp.27
EUGE5,Myrtaceae,Eugenia,sp.5
EUGE6,Myrtaceae,Eugenia,sp.6
EUGE7,Myrtaceae,Eugenia,sp.7
EUGE8,Myrtaceae,Eugenia,sp.8
EUGE9,Myrtaceae,Eugenia,sp.9
NA,Myrtaceae,Eugenia,uniflora
EUGEVE,Myrtaceae,Eugenia,venezuelensis
MYRCCO,Myrtaceae,Myrcia,coumeta
MYRCFO,Myrtaceae,Myrcia,fosteri
MYRCGA,Myrtaceae,Myrcia,gatunensis
MYRCPA,Myrtaceae,Myrcia,panamensis
MYRC3,Myrtaceae,Myrcia,sp.3
MYRC4,Myrtaceae,Myrcia,sp.4
MYRC5,Myrtaceae,Myrcia,sp.5
MYRC6,Myrtaceae,Myrcia,sp.6
MYRCSP,Myrtaceae,Myrcia,splendens
MYR4ST,Myrtaceae,Myrcianthes,storkii
MYR2FL,Myrtaceae,Myrciaria,floribunda
MYR21,Myrtaceae,Myrciaria,sp.1
MYR22,Myrtaceae,Myrciaria,sp.2
PLINPO,Myrtaceae,Plinia,povedae
PLINSA,Myrtaceae,Plinia,salamancana
PSIDFR,Myrtaceae,Psidium,friedrichsthalianum
PSIDGU,Myrtaceae,Psidium,guajava
PSIDG1,Myrtaceae,Psidium,guineense
SYZYJA,Myrtaceae,Syzygium,jambos
SYZYMA,Myrtaceae,Syzygium,malaccense
NA,NA,Chelloclinium,sp
NA,NA,Colubrina,sp
NA,NA,Polypodium,crassifolium
NA,NA,Rhipsalis,cassytha
NYC2,Nyctaginaceae,(nyctaginaceae),sp.2
NYC1,Nyctaginaceae,Guapira,campochagres
GUAPCO,Nyctaginaceae,Guapira,costaricana
GUAPST,Nyctaginaceae,Guapira,standleyana
NEEAAM,Nyctaginaceae,Neea,amplifolia
NEEADE,Nyctaginaceae,Neea,delicatula
NEEALA,Nyctaginaceae,Neea,laetevirens
NEEA6,Nyctaginaceae,Neea,roja
NEEA1,Nyctaginaceae,Neea,sp.1
NEEA2,Nyctaginaceae,Neea,sp.2
NEEA3,Nyctaginaceae,Neea,sp.3
NEEA4,Nyctaginaceae,Neea,sp.4
NEEA7,Nyctaginaceae,Neea,sp.7
PISOAC,Nyctaginaceae,Pisonia,aculeata
CESPMA,Ochnaceae,Cespedesia,spathulata
OURAKN,Ochnaceae,Ouratea,knappiae
OURALU,Ochnaceae,Ouratea,lucens
OURACO,Ochnaceae,Ouratea,prominens
OURASU,Ochnaceae,Ouratea,sulcatinervia
HEISAC,Olacaceae,Heisteria,acuminata
HEISCO,Olacaceae,Heisteria,concinna
HEISC1,Olacaceae,Heisteria,costaricensis
HEISMA,Olacaceae,Heisteria,macrophylla
HEISSC,Olacaceae,Heisteria,scandens
MINQGU,Olacaceae,Minquartia,guianensis
SCH3VA,Olacaceae,Schoepfia,vacciniiflora
XIMEAM,Olacaceae,Ximenia,americana
CHI1PA,Oleaceae,Chionanthus,panamensis
FUCHPA,Onagraceae,Fuchsia,paniculata
LUDGOC,Onagraceae,Ludwigia,octavilis
AGONBR,Opiliaceae,Agonandra,brasiliensis
NA,Orchidaceae,Aspasia,principissa
NA,Orchidaceae,Brassia,caudata
NA,Orchidaceae,Catasetum,bicolor
NA,Orchidaceae,Dichaea,panamensis
NA,Orchidaceae,Dimerandra,emarginata
NA,Orchidaceae,Epidendrum,coronatum
NA,Orchidaceae,Epidendrum,decipiens
NA,Orchidaceae,Epidendrum,flexuosum
NA,Orchidaceae,Epidendrum,radicans
NA,Orchidaceae,Masdevallia,livingstoneana
NA,Orchidaceae,Notylia,albida
NA,Orchidaceae,Pleurothallis,verecunda
NA,Orchidaceae,Scaphyglottis,graminifolia
NA,Orchidaceae,Scaphyglottis,longicaulis
NA,Orchidaceae,Scaphyglottis,prolifera
NA,Orchidaceae,Sobralia,fenzliana
NA,Orchidaceae,Sobralia,suaveolens
NA,Orchidaceae,Trichocentrum,nudum
BOCCFR,Papaveraceae,Bocconia,frutescens
PAS1,Passifloraceae,(passifloraceae),sp.1
PASSAM,Passifloraceae,Passiflora,ambigua
PASSAU,Passifloraceae,Passiflora,auriculata
PASSBI,Passifloraceae,Passiflora,biflora
PASSCO,Passifloraceae,Passiflora,coriacea
PASSFO,Passifloraceae,Passiflora,foetida
PASSME,Passifloraceae,Passiflora,menispermifolia
PASSNI,Passifloraceae,Passiflora,nitida
PASSSE,Passifloraceae,Passiflora,seemannii
PASSVI,Passifloraceae,Passiflora,vitifolia
PETIAL,Phytolaccaceae,Petiveria,alliacea
TRI5OC,Phytolaccaceae,Trichostigma,octandrum
PINUCA,Pinaceae,Pinus,caribaea
NA,Piperaceae,Peperomia,ebingeri
NA,Piperaceae,Peperomia,glabella
NA,Piperaceae,Peperomia,macrostachya
NA,Piperaceae,Peperomia,obtusifolia
NA,Piperaceae,Peperomia,rotundifolia
PIPEAD,Piperaceae,Piper,aduncum
PIPEAE,Piperaceae,Piper,aequale
PIPEAM,Piperaceae,Piper,amalago
PIPEA1,Piperaceae,Piper,arboreum
PIPEA2,Piperaceae,Piper,aristolochiaefolium
PIPEA4,Piperaceae,Piper,augustum
PIPEAU,Piperaceae,Piper,auritum
PIPECU,Piperaceae,Piper,colonense
PIPECO,Piperaceae,Piper,cordulatum
PIPEDA,Piperaceae,Piper,darienense
PIPEDI,Piperaceae,Piper,dilatatum
PIPEFI,Piperaceae,Piper,fimbriulatum
PIPEGR,Piperaceae,Piper,grande
PIPEH2,Piperaceae,Piper,hirtellipetiolum
PIPEHI,Piperaceae,Piper,hispidum
PIPEIM,Piperaceae,Piper,imperialis
PIPELO,Piperaceae,Piper,longispicum
PIPEMA,Piperaceae,Piper,marginatum
PIPEMU,Piperaceae,Piper,multiplinervium
PIPEP1,Piperaceae,Piper,peltatum
PIPEPE,Piperaceae,Piper,perlasense
PIPEPH,Piperaceae,Piper,phytolaccifolium
PIPERE,Piperaceae,Piper,reticulatum
PIPESA,Piperaceae,Piper,sancti-felicis
PIPECA,Piperaceae,Piper,schiedeanum
PIPE5,Piperaceae,Piper,sp.5
PIPE6,Piperaceae,Piper,sp.6
PIPE7,Piperaceae,Piper,sp.7
PIPE8,Piperaceae,Piper,sp.8
NA,Poaceae,Andropogon,bicornis
CHUSSI,Poaceae,Chusquea,simpliciflora
NA,Poaceae,Guadua,amplexifolia
NA,Poaceae,Lasiacis,sorghoidea
NA,Poaceae,Pharus,latifolius
NA,Poaceae,Pharus,parvifolius
SACCSP,Poaceae,Saccharum,spontaneum
NA,Poaceae,Streptochaeta,spicata
PODOGU,Podocarpaceae,Podocarpus,guatemalensis
PODOOL,Podocarpaceae,Podocarpus,oleifolius
SECUDI,Polygalaceae,Securidaca,diversifolia
COCCA2,Polygonaceae,Coccoloba,acuminata
NA,Polygonaceae,Coccoloba,ascendens
COCCCA,Polygonaceae,Coccoloba,caracasana
COCCCO,Polygonaceae,Coccoloba,coronata
COCCJO,Polygonaceae,Coccoloba,johnstonii
COCCLA,Polygonaceae,Coccoloba,lasseri
COCCMA,Polygonaceae,Coccoloba,manzinellensis
COCCMO,Polygonaceae,Coccoloba,mollis
COCCOB,Polygonaceae,Coccoloba,obovata
COCCPA,Polygonaceae,Coccoloba,padiformis
COCCP1,Polygonaceae,Coccoloba,parimensis
COCC2,Polygonaceae,Coccoloba,sp.2
COCC4,Polygonaceae,Coccoloba,sp.4
COCCTU,Polygonaceae,Coccoloba,tuerckheimii
COCCUV,Polygonaceae,Coccoloba,uvifera
RUPRCO,Polygonaceae,Ruprechtia,costata
TRIPCU,Polygonaceae,Triplaris,cumingiana
PANOSU,Proteaceae,Panopsis,suaveolens
ROUPMO,Proteaceae,Roupala,montana
ROUPPE,Proteaceae,Roupala,percoriacea
QUIISC,Quiinaceae,Quiina,schippii
COLUGL,Rhamnaceae,Colubrina,glandulosa
COLUHE,Rhamnaceae,Colubrina,heteroneura
COLUSP,Rhamnaceae,Colubrina,spinosa
GOUAAD,Rhamnaceae,Gouania,adenophera
GOUACO,Rhamnaceae,Gouania,colombiana
GOUALU,Rhamnaceae,Gouania,lupuloides
GOUAPO,Rhamnaceae,Gougania,polygama
RHAMSH,Rhamnaceae,Rhamnus,sharpii
ZIZICI,Rhamnaceae,Ziziphus,chloroxylon
ZIZIMA,Rhamnaceae,Ziziphus,mauritiana
ZIZIST,Rhamnaceae,Ziziphus,strychnifolia
CASSEL,Rhizophoraceae,Cassipourea,elliptica
CASS2,Rhizophoraceae,Cassipourea,enana
CASS1,Rhizophoraceae,Cassipourea,hoja_grande
RHIZMA,Rhizophoraceae,Rhizophora,mangle
PHOTMI,Rosaceae,Photinia,microcarpa
RUB6,Rubiaceae,(rubiaceae),sp.6
RUB7,Rubiaceae,(rubiaceae),sp.7
RUB8,Rubiaceae,(rubiaceae),sp.8
GENICU,Rubiaceae,Agouticarpa,curviflora
GENIWI,Rubiaceae,Agouticarpa,williamsii
ALIBED,Rubiaceae,Alibertia,edulis
ALIBGA,Rubiaceae,Alibertia,garapatica
ALLEER,Rubiaceae,Allenanthus,erythrocarpus
ALSEBL,Rubiaceae,Alseis,blackiana
AMAICO,Rubiaceae,Amaioua,corymbosa
AMAIMA,Rubiaceae,Amaioua,magnicarpa
AMAIPE,Rubiaceae,Amaioua,pedicellata
AMAI1,Rubiaceae,Amaioua,sp.1
AMAI2,Rubiaceae,Amaioua,sp.2
APPUSE,Rubiaceae,Appunia,seibertii
RONDBE,Rubiaceae,Arachnothryx,bertieroides
RONDBU,Rubiaceae,Arachnothryx,buddleioides
RONDHA,Rubiaceae,Arachnothryx,hameliifolia
BERTGU,Rubiaceae,Bertiera,guianensis
BOROPA,Rubiaceae,Borojoa,panamensis
BORO1,Rubiaceae,Borojoa,sp.1
CAL2CA,Rubiaceae,Calycophyllum,candidissimum
CHIMLA,Rubiaceae,Chimarrhis,latifolia
CHIMPA,Rubiaceae,Chimarrhis,parviflora
CHIOAL,Rubiaceae,Chiococca,alba
CHIOVE,Rubiaceae,Chione,venosa
CHOMAT,Rubiaceae,Chomelia,barbellata
CHOMPS,Rubiaceae,Chomelia,psilocarpa
CHOMSP,Rubiaceae,Chomelia,spinosa
COFFAR,Rubiaceae,Coffea,arabica
CONDCO,Rubiaceae,Condaminea,corymbosa
COSMGR,Rubiaceae,Cosmibuena,grandiflora
COSMMA,Rubiaceae,Cosmibuena,macrocarpa
COU2CE,Rubiaceae,Coussarea,cerroazulensis
COU2CU,Rubiaceae,Coussarea,curvigemmia
COU2HO,Rubiaceae,Coussarea,hondensis
COU2LA,Rubiaceae,Coussarea,latifolia
COU2LO,Rubiaceae,Coussarea,loftonii
COU21,Rubiaceae,Coussarea,sp.1
COUTHE,Rubiaceae,Coutarea,hexandra
ELA1AU,Rubiaceae,Elaeagia,auriculata
ELA1NI,Rubiaceae,Elaeagia,nitidifolia
EXOSME,Rubiaceae,Exostema,mexicanum
FARA2,Rubiaceae,Faramea,coba
FARAEU,Rubiaceae,Faramea,eurycarpa
FARAJE,Rubiaceae,Faramea,jefensis
FARALU,Rubiaceae,Faramea,luteovirens
FARAMU,Rubiaceae,Faramea,multiflora
FARAOC,Rubiaceae,Faramea,occidentalis
FARAP2,Rubiaceae,Faramea,papillata
FARAP1,Rubiaceae,Faramea,papirifolia
FARAPA,Rubiaceae,Faramea,parvibractea
FARA1,Rubiaceae,Faramea,sp.1
FARASU,Rubiaceae,Faramea,suerrensis
FERDPA,Rubiaceae,Ferdinandusa,panamensis
GENIAM,Rubiaceae,Genipa,americana
NA,Rubiaceae,Geophila,repens
GONZPA,Rubiaceae,Gonzalagunia,panamensis
GONZRU,Rubiaceae,Gonzalagunia,rudis
GONZ1,Rubiaceae,Gonzalagunia,sp.1
GUETCR,Rubiaceae,Guettarda,crispiflora
GUETFO,Rubiaceae,Guettarda,foliacea
GUETOD,Rubiaceae,Guettarda,odorata
GUETRA,Rubiaceae,Guettarda,ramuliflora
HAMEAX,Rubiaceae,Hamelia,axillaris
HAMEMA,Rubiaceae,Hamelia,macrantha
HAMEPA,Rubiaceae,Hamelia,patens
HAMESA,Rubiaceae,Hamelia,sanguinea
HIP1PA,Rubiaceae,Hippotis,panamensis
NA,Rubiaceae,Hoffmannia,longipetiolata
NA,Rubiaceae,Hoffmannia,subauriculata
ISERHA,Rubiaceae,Isertia,haenkeana
ISERLA,Rubiaceae,Isertia,laevis
NA,Rubiaceae,Ixora,coccinea
IXORFL,Rubiaceae,Ixora,floribunda
JOOSUM,Rubiaceae,Joosia,umbellifera
LADEBR,Rubiaceae,Ladenbergia,brenesii
LADEMA,Rubiaceae,Ladenbergia,macrocarpa
MACRGL,Rubiaceae,Macrocnemum,roseum
MORICI,Rubiaceae,Morinda,citrifolia
MORIPA,Rubiaceae,Morinda,panamensis
PALICR,Rubiaceae,Palicourea,crocea
PALIGU,Rubiaceae,Palicourea,guianensis
PALITR,Rubiaceae,Palicourea,triphylla
PALITU,Rubiaceae,Palicourea,tubuliflora
PENTCO,Rubiaceae,Pentagonia,costaricensis
PENTGY,Rubiaceae,Pentagonia,gymnopoda
PENTMA,Rubiaceae,Pentagonia,macrophylla
PENTPA,Rubiaceae,Pentagonia,parvifolia
PENTWE,Rubiaceae,Pentagonia,wendlandii
ANTITR,Rubiaceae,Pittoniotis,trichantha
POGOSP,Rubiaceae,Pogonopus,exsertus
NA,Rubiaceae,Pogonopus,speciosus
POSOLA,Rubiaceae,Posoqueria,latifolia
POSOMA,Rubiaceae,Posoqueria,maxima
POSO1,Rubiaceae,Posoqueria,sp.1_(hojas_chicas)
PSYCAC,Rubiaceae,Psychotria,acuminata
PSYCAL,Rubiaceae,Psychotria,allenii
PSYCB1,Rubiaceae,Psychotria,brachiata
PSYCB2,Rubiaceae,Psychotria,brachybotrya
PSYCCA,Rubiaceae,Psychotria,calophylla
PSYCC1,Rubiaceae,Psychotria,capitata
PSYCC2,Rubiaceae,Psychotria,carthagenensis
PSYCCH,Rubiaceae,Psychotria,chagrensis
PSYCCI,Rubiaceae,Psychotria,cincta
PSYCPI,Rubiaceae,Psychotria,cyanococca
PSYCDE,Rubiaceae,Psychotria,deflexa
PSYCEL,Rubiaceae,Psychotria,elata
PSYCEM,Rubiaceae,Psychotria,emetica
PSYCER,Rubiaceae,Psychotria,erecta
PSYCGL,Rubiaceae,Psychotria,glomerulata
PSYCG1,Rubiaceae,Psychotria,graciliflora
PSYCG3,Rubiaceae,Psychotria,grandis
PSYCFU,Rubiaceae,Psychotria,hoffmannseggiana
PSYCHO,Rubiaceae,Psychotria,horizontalis
PSYCIP,Rubiaceae,Psychotria,ipecacuanha
PSYCLI,Rubiaceae,Psychotria,limonensis
PSYCLU,Rubiaceae,Psychotria,luxurians
PSYCMA,Rubiaceae,Psychotria,marginata
PSYCMI,Rubiaceae,Psychotria,micrantha
PSYCNE,Rubiaceae,Psychotria,nervosa
PSYCPA,Rubiaceae,Psychotria,panamensis
PSYCPO,Rubiaceae,Psychotria,poeppigiana
PSYCPS,Rubiaceae,Psychotria,psychotriifolia
PSYCPU,Rubiaceae,Psychotria,pubescens
PSYCRA,Rubiaceae,Psychotria,racemosa
PSYCRE,Rubiaceae,Psychotria,remota
PSYCSA,Rubiaceae,Psychotria,santaritensis
PSYC4,Rubiaceae,Psychotria,sp.4
PSYCSU,Rubiaceae,Psychotria,suerrensis
PSYCG2,Rubiaceae,Psychotria,tenuifolia
PSYCUM,Rubiaceae,Psychotria,umbelliformis
RANDAC,Rubiaceae,Randia,aculeata
RANDAR,Rubiaceae,Randia,armata
RAND4,Rubiaceae,Randia,campo_chagres
RANDGR,Rubiaceae,Randia,grandifolia
RANDHO,Rubiaceae,Randia,hondensis
RANDLA,Rubiaceae,Randia,lasiantha
RAND2,Rubiaceae,Randia,sp.2
RAND3,Rubiaceae,Randia,sp.3
RARIPA,Rubiaceae,Raritebe,palicoureoides
RONDAM,Rubiaceae,Rogiera,amoena
RONDPA,Rubiaceae,Rondeletia,panamensis
RANDFO,Rubiaceae,Rosenbergiodendron,formosum
RUDGCO,Rubiaceae,Rudgea,cornifolia
RUDGIS,Rubiaceae,Rudgea,isthmensis
RUDGPI,Rubiaceae,Rudgea,pittieri
RUDGSK,Rubiaceae,Rudgea,skutchii
RUDG1,Rubiaceae,Rudgea,sp.1
SABIPA,Rubiaceae,Sabicea,panamensis
SABIVI,Rubiaceae,Sabicea,villosa
SIMIMA,Rubiaceae,Simira,maxonii
SOMMDO,Rubiaceae,Sommera,donnell-smithii
SPERCO,Rubiaceae,Spermacoce,confusa
STACDI,Rubiaceae,Stachyarrhena,heterochroa
TOCOPI,Rubiaceae,Tocoyena,pittieri
UNCATO,Rubiaceae,Uncaria,tomentosa
WARSCO,Rubiaceae,Warszewiczia,coccinea
AMYRBA,Rutaceae,Amyris,balsamifera
CITRLI,Rutaceae,Citrus,limon
CITRSI,Rutaceae,Citrus,sinensis
ANGONI,Rutaceae,Conchocarpus,nicaraguensis
ESENPA,Rutaceae,Esenbeckia,panamensis
GALIPA,Rutaceae,Galipea,panamensis
HORTCO,Rutaceae,Hortia,colombiana
STAUPE,Rutaceae,Stauranthus,perforatus
ZANTPR,Rutaceae,Zanthoxylum,acuminatum
ZANTBE,Rutaceae,Zanthoxylum,ekmanii
ZANTME,Rutaceae,Zanthoxylum,melanostictum
ZANTP1,Rutaceae,Zanthoxylum,panamense
ZANTSE,Rutaceae,Zanthoxylum,setulosum
ZANT1,Rutaceae,Zanthoxylum,sp.1
MELIGL,Sabiaceae,Meliosma,glabrata
MELIGR,Sabiaceae,Meliosma,grandiflora
MELIG1,Sabiaceae,Meliosma,hoja_grande
MELIID,Sabiaceae,Meliosma,idiopoda
MELILI,Sabiaceae,Meliosma,linearifolia
MELIOC,Sabiaceae,Meliosma,occidentalis
SAP1,Sapindaceae,(sapindaceae),sp.1
SAP3,Sapindaceae,(sapindaceae),sp.3
ALLOGE,Sapindaceae,Allophylus,gentryi
ALLOPS,Sapindaceae,Allophylus,psilospermus
ALLOOC,Sapindaceae,Allophylus,racemosus
ALLO2,Sapindaceae,Allophylus,sp.2
BLIGSA,Sapindaceae,Blighia,sapida
CUPACI,Sapindaceae,Cupania,cinerea
CUPAGU,Sapindaceae,Cupania,guatemalensis
CUPALA,Sapindaceae,Cupania,latifolia
CUPARU,Sapindaceae,Cupania,rufescens
CUPASC,Sapindaceae,Cupania,scrobiculata
CUPASY,Sapindaceae,Cupania,seemannii
CUPA1,Sapindaceae,Cupania,sp.1
CUPA2,Sapindaceae,Cupania,sp.2
CUPA3,Sapindaceae,Cupania,sp.3
CUPA5,Sapindaceae,Cupania,sp.5
DILOCO,Sapindaceae,Dilodendron,costaricense
MATAAP,Sapindaceae,Matayba,apetala
MATAGL,Sapindaceae,Matayba,glaberrima
MATASC,Sapindaceae,Matayba,scrobiculata
MATA1,Sapindaceae,Matayba,sp.1
MEL2BI,Sapindaceae,Melicoccus,bijugatus
PAULBA,Sapindaceae,Paullinia,baileyi
PAULBR,Sapindaceae,Paullinia,bracteosa
PAULCU,Sapindaceae,Paullinia,cururu
PAULFI,Sapindaceae,Paullinia,fibrigera
PAULFU,Sapindaceae,Paullinia,fuscescens
PAULG1,Sapindaceae,Paullinia,glabrata
PAULG2,Sapindaceae,Paullinia,glomerulosa
PAULMA,Sapindaceae,Paullinia,mallophyla
PAULPI,Sapindaceae,Paullinia,pinnata
PAULPT,Sapindaceae,Paullinia,pterocarpa
PAULRU,Sapindaceae,Paullinia,rugosa
PAULTU,Sapindaceae,Paullinia,turbacensis
PSE3FR,Sapindaceae,Pseudima,frutescens
SAP1SA,Sapindaceae,Sapindus,saponaria
SERJAT,Sapindaceae,Serjania,atrolineata
SERJCI,Sapindaceae,Serjania,circumvallata
SERJCO,Sapindaceae,Serjania,cornigera
SERJDE,Sapindaceae,Serjania,decapleuria
SERJM1,Sapindaceae,Serjania,membranacea
SERJME,Sapindaceae,Serjania,mexicana
SERJPA,Sapindaceae,Serjania,paucidentata
SERJPL,Sapindaceae,Serjania,pluvialiflorens
SERJRH,Sapindaceae,Serjania,rhombea
SERJTR,Sapindaceae,Serjania,trachygona
TALIPR,Sapindaceae,Talisia,croatii
TALINE,Sapindaceae,Talisia,nervosa
THINMY,Sapindaceae,Thinouia,myriantha
SAP2,Sapotaceae,(sapotaceae),sp.2
SAP4,Sapotaceae,(sapotaceae),sp.4
SAP5,Sapotaceae,(sapotaceae),sp.5
SAP6,Sapotaceae,(sapotaceae),sp.6
SAP7,Sapotaceae,(sapotaceae),sp.7
SAP8,Sapotaceae,(sapotaceae),sp.8
CHRORU,Sapotaceae,Chromolucuma,aff.rubriflora
CHR2AR,Sapotaceae,Chrysophyllum,argenteum
CHR2BR,Sapotaceae,Chrysophyllum,brenesii
CHR2CA,Sapotaceae,Chrysophyllum,cainito
CHR2CO,Sapotaceae,Chrysophyllum,colombianum
CHR2HI,Sapotaceae,Chrysophyllum,hirsutum
CHR21,Sapotaceae,Chrysophyllum,sp.1
CHR22,Sapotaceae,Chrysophyllum,sp.2
CHR2VE,Sapotaceae,Chrysophyllum,venezuelanense
ECCLLA,Sapotaceae,Ecclinusa,lanceolata
ELA21,Sapotaceae,Elaeoluma,sp.1
MANIBI,Sapotaceae,Manilkara,bidentata
MANICH,Sapotaceae,Manilkara,chicle
MANI1,Sapotaceae,Manilkara,sp.1
MANI2,Sapotaceae,Manilkara,sp.2
MANIZA,Sapotaceae,Manilkara,zapota
MICRGU,Sapotaceae,Micropholis,guyanensis
MICRME,Sapotaceae,Micropholis,melinoniana
MICRVE,Sapotaceae,Micropholis,venulosa
MIMUEL,Sapotaceae,Mimusops,elengi
POUTBU,Sapotaceae,Pouteria,buenaventurensis
POUTB1,Sapotaceae,Pouteria,bulliformis
POUTC1,Sapotaceae,Pouteria,calistophylla
POUTCA,Sapotaceae,Pouteria,campechiana
POUTCO,Sapotaceae,Pouteria,congestifolia
POUTCU,Sapotaceae,Pouteria,cuspidata
POUTDU,Sapotaceae,Pouteria,durlandii
POUTFO,Sapotaceae,Pouteria,fossicola
POUTF1,Sapotaceae,Pouteria,foveolata
POUTGL,Sapotaceae,Pouteria,glomerata_ss:glomerata
POUTG1,Sapotaceae,Pouteria,glomerata_ss:stylosa
POUTLE,Sapotaceae,Pouteria,leptopedicellata
POUTMU,Sapotaceae,Pouteria,multiflora
POUTRE,Sapotaceae,Pouteria,reticulata
POUTSA,Sapotaceae,Pouteria,sapota
POUTSC,Sapotaceae,Pouteria,sclerocarpa.aff
POUTSY,Sapotaceae,Pouteria,silvestris
POUT10,Sapotaceae,Pouteria,sp.10
POUT17,Sapotaceae,Pouteria,sp.17
POUT18,Sapotaceae,Pouteria,sp.18
POUT20,Sapotaceae,Pouteria,sp.20
POUT21,Sapotaceae,Pouteria,sp.21
POUT23,Sapotaceae,Pouteria,sp.23
POUT27,Sapotaceae,Pouteria,sp.27
POUT28,Sapotaceae,Pouteria,sp.28
POUT3,Sapotaceae,Pouteria,sp.3
POUT30,Sapotaceae,Pouteria,sp.30
POUT4,Sapotaceae,Pouteria,sp.4
POUT7,Sapotaceae,Pouteria,sp.7
POUT8,Sapotaceae,Pouteria,sp.8
POUT9,Sapotaceae,Pouteria,sp.9
POUTST,Sapotaceae,Pouteria,stipitata
POUTTO,Sapotaceae,Pouteria,torta
SARCBR,Sapotaceae,Sarcaulus,brasiliensis
SIDECA,Sapotaceae,Sideroxylon,capiri
SIDECE,Sapotaceae,Sideroxylon,celastrinum
SIDECO,Sapotaceae,Sideroxylon,cf.contrerasii
SIDEPE,Sapotaceae,Sideroxylon,persimile
NA,Saxifragaceae,Hydrangea,peruviana
PICRLA,Simaroubaceae,Picramnia,latifolia
PICR1,Simaroubaceae,Picramnia,sp.1
QUASAM,Simaroubaceae,Quassia,amara
SIM1CE,Simaroubaceae,Simaba,cedron
SIM1PO,Simaroubaceae,Simaba,polyphylla
SIMAAM,Simaroubaceae,Simarouba,amara
SMILLA,Smilacaceae,Smilax,domingensis
SMILMO,Smilacaceae,Smilax,mollis
SMILPA,Smilacaceae,Smilax,panamensis
SMIL,Smilacaceae,Smilax,sp.
SMIL1,Smilacaceae,Smilax,sp.1
SMILS1,Smilacaceae,Smilax,spinosa
SMILS2,Smilacaceae,Smilax,spissa
SMILSU,Smilacaceae,Smilax,subpubescens
BRUNDW,Solanaceae,Brunfelsia,dwyeri
CESTLA,Solanaceae,Cestrum,latifolium
CESTME,Solanaceae,Cestrum,megalophyllum
CESTRA,Solanaceae,Cestrum,racemosum
LYCIMA,Solanaceae,Lycianthes,maxonii
NA,Solanaceae,Lycianthes,synanthera
MARKUL,Solanaceae,Markea,ulei
SOLAAR,Solanaceae,Solanum,arboreum
SOLAAS,Solanaceae,Solanum,asperum
SOLAAT,Solanaceae,Solanum,aturense
CYPHHA,Solanaceae,Solanum,circinatum
SOLAEX,Solanaceae,Solanum,cordovense
SOLA5,Solanaceae,Solanum,enves_purpura
SOLAHA,Solanaceae,Solanum,hayesii
SOLAH1,Solanaceae,Solanum,hazenii
SOLAJA,Solanaceae,Solanum,jamaicense
SOLALA,Solanaceae,Solanum,lancaeifolium
NA,Solanaceae,Solanum,nudum
NA,Solanaceae,Solanum,rudepannum
SOLASI,Solanaceae,Solanum,siparunoides
SOLA3,Solanaceae,Solanum,sp.3
SOLAST,Solanaceae,Solanum,steyermarkii
NA,Solanaceae,Solanum,subinerme
WITHSO,Solanaceae,Witheringia,solanacea
TURPOC,Staphyleaceae,Turpinia,occidentalis
BYTTAC,Sterculiaceae,Byttneria,aculeata
GUAZUL,Sterculiaceae,Guazuma,ulmifolia
HEL2GU,Sterculiaceae,Helicteres,guazumifolia
HERRNY,Sterculiaceae,Herrania,nycterodendron
HERRPU,Sterculiaceae,Herrania,purpurea
NA,Sterculiaceae,Melochia,nodiflora
STERAP,Sterculiaceae,Sterculia,apetala
STERGL,Sterculiaceae,Sterculia,costaricana-var.-glauca
STERRE,Sterculiaceae,Sterculia,recordiana
STER2,Sterculiaceae,Sterculia,sp.2
THEOBE,Sterculiaceae,Theobroma,bernoullii
THEOBI,Sterculiaceae,Theobroma,bicolor
THEOCA,Sterculiaceae,Theobroma,cacao
THEOMA,Sterculiaceae,Theobroma,mammosum
THEOCH,Sterculiaceae,Theobroma,simiarum
THEOSP,Sterculiaceae,Theobroma,speciosum
WALTGL,Sterculiaceae,Waltheria,glomerata
SYM1PA,Symplocaceae,Symplocos,panamensis
FREZCA,Theaceae,Freziera,calophylla
GORDBR,Theaceae,Gordonia,brandegeei
LAPLFR,Theaceae,Gordonia,fruticosa
PELLRH,Theaceae,Pelliciera,rhizophorae
TERNTE,Theaceae,Ternstroemia,tepezapote
JACQMA,Theophrastaceae,Bonellia,macrocarpa
CLAVBI,Theophrastaceae,Clavija,biborrana
CLAVCO,Theophrastaceae,Clavija,costaricana
CLAVME,Theophrastaceae,Clavija,mezii
DAPHAM,Thymelaeaceae,Daphnopsis,americana
DAPHCO,Thymelaeaceae,Daphnopsis,correae
SCHOPA,Thymelaeaceae,Schoenobiblus,panamensis
APEIHY,Tiliaceae,Apeiba,hybrid
APEIME,Tiliaceae,Apeiba,membranacea
APEITI,Tiliaceae,Apeiba,tibourbou
HELIAM,Tiliaceae,Heliocarpus,americanus
HELIAP,Tiliaceae,Heliocarpus,appendiculatus
LUEHCA,Tiliaceae,Luehea,candida
LUEHSE,Tiliaceae,Luehea,seemannii
LUEHSP,Tiliaceae,Luehea,speciosa
MORTAN,Tiliaceae,Mortoniodendron,anisophyllum
MORT1,Tiliaceae,Mortoniodendron,sp.1
MUNTCA,Tiliaceae,Muntingia,calabura
TRI4GA,Tiliaceae,Trichospermum,galeottii
TRIUBO,Tiliaceae,Triumfetta,bogotensis
TRIULA,Tiliaceae,Triumfetta,lappula
TRIGRU,Trigoniaceae,Trigonia,rugosa
ERBLOD,Turneraceae,Erblichia,odorata
TURNPA,Turneraceae,Turnera,panamensis
AMPEED,Ulmaceae,Ampelocera,edentula
AMPEMA,Ulmaceae,Ampelocera,macphersonii
CELTIG,Ulmaceae,Celtis,iguanaeus
CELTSC,Ulmaceae,Celtis,schippii
TREMIN,Ulmaceae,Trema,integerrima
TREMMI,Ulmaceae,Trema,micrantha
ULMUME,Ulmaceae,Ulmus,mexicana
UN2_CO,Unidentified,Unidentified,(howard)sp.2
UN2_SH,Unidentified,Unidentified,(sherman)
UN1M39,Unidentified,Unidentified,monitoreo_39
UN1M40,Unidentified,Unidentified,monitoreo_40
UN1M41,Unidentified,Unidentified,monitoreo_41_1
UN1_M9,Unidentified,Unidentified,monitoreo_9
UNIDEN,Unidentified,Unidentified,species
MYRILO,Urticaceae,Myriocarpa,longipes
NA,Urticaceae,Pouzolzia,obliqua
URERBA,Urticaceae,Urera,baccifera
URERCA,Urticaceae,Urera,caracasana
UREREG,Urticaceae,Urera,eggersii
UREREL,Urticaceae,Urera,elata
URERLA,Urticaceae,Urera,laciniata
URERLI,Urticaceae,Urera,lianoides
AEGIAN,Verbenaceae,Aegiphila,anomala
AEGICE,Verbenaceae,Aegiphila,cephalophora
AEGIEL,Verbenaceae,Aegiphila,elata
AEGIOD,Verbenaceae,Aegiphila,odontophylla
AEGIPA,Verbenaceae,Aegiphila,panamensis
AVICBI,Verbenaceae,Avicennia,bicolor
AVICGE,Verbenaceae,Avicennia,germinans
CAL4AC,Verbenaceae,Callicarpa,acuminata
CITHCA,Verbenaceae,Citharexylum,caudatum
CITH1,Verbenaceae,Citharexylum,sp.1
GMELAR,Verbenaceae,Gmelina,arborea
LANTCA,Verbenaceae,Lantana,camara
LIPPOX,Verbenaceae,Lippia,oxyphyllaria
LIPPUM,Verbenaceae,Lippia,umbellata
PETRAS,Verbenaceae,Petrea,volubilis
TECTGR,Verbenaceae,Tectona,grandis
VITECO,Verbenaceae,Vitex,cooperi
VITECY,Verbenaceae,Vitex,cymosa
FUSIMI,Violaceae,Fusispermum,minutiflorum
GLOEBL,Violaceae,Gloeospermum,blakeanum
GLOEEN,Violaceae,Gloeospermum,eneidense
GLOESP,Violaceae,Gloeospermum,sphaerocarpum
HYBAAT,Violaceae,Hybanthus,attenuatus
HYBADE,Violaceae,Hybanthus,denticulatus
HYBAPR,Violaceae,Hybanthus,prunifolius
LEONGL,Violaceae,Leonia,glycycarpa
RINOAP,Violaceae,Rinorea,aff.apiculata
RINOCR,Violaceae,Rinorea,crenata
RINODA,Violaceae,Rinorea,dasyadena
RINOHU,Violaceae,Rinorea,hummelii
RINOLI,Violaceae,Rinorea,lindeniana
RINO2,Violaceae,Rinorea,sp.2
RINO3,Violaceae,Rinorea,sp.3
RINO4,Violaceae,Rinorea,sp.4
RINOSQ,Violaceae,Rinorea,squamata
RINOSY,Violaceae,Rinorea,sylvatica
NA,Viscaceae,Phoradendron,piperoides
CISSRH,Vitaceae,Cissus,alata
CISSER,Vitaceae,Cissus,erosa
CISSPS,Vitaceae,Cissus,fuliginea
CISSMI,Vitaceae,Cissus,microcarpa
CISS1,Vitaceae,Cissus,sp.1
CISSSI,Vitaceae,Cissus,verticillata
VITITI,Vitaceae,Vitis,tiliifolia
ERISBL,Vochysiaceae,Erisma,blancoa
QUALPO,Vochysiaceae,Qualea,polychroma
VOCHFE,Vochysiaceae,Vochysia,ferruginea
VOCHHO,Vochysiaceae,Vochysia,guatemalensis
VOCHJE,Vochysiaceae,Vochysia,jefensis
VOCH1,Vochysiaceae,Vochysia,sp.1
NA,Zingiberaceae,Renealmia,alpinia
NA,Zingiberaceae,Renealmia,cernua